Starting a Gradle Daemon, 4 stopped Daemons could not be reused, use --status for details
Calculating task graph as configuration cache cannot be reused because file 'build.gradle.kts' has changed.
> Task :initializeIntellijPlatformPlugin
> Task :generateManifest

> Task :patchPluginXml
[org.jetbrains.intellij.platform] Patching plugin.xml: value of 'name[SubTabs]' tag will be set to 'Familia'

> Task :processTestResources
> Task :processResources

> Task :compileJava
.\gradlew.bat : C:\Users\SasBe\Desktop\SubTabs\src\main\java\de\sasbe\subtabs\SubtabGroupColorPicker.java:20: Warnung: 
[removal] ColorChooser in com.intellij.ui ist veraltet und wurde zum Entfernen markiert
In C:\Users\SasBe\AppData\Local\Temp\ps-script-5e2f6252-0a2c-4ac0-b29c-28970dac4742.ps1:107 Zeichen:204
+ ... lyContinue; .\gradlew.bat test -PfamiliaPerf --tests "de.sasbe.subtab ...
+                 ~~~~~~~~~~~~~~~~~~~~~~~~~~~~~~~~~~~~~~~~~~~~~~~~~~~~~~~~~
    + CategoryInfo          : NotSpecified: (C:\Users\SasBe\...fernen markiert:String) [], RemoteException
    + FullyQualifiedErrorId : NativeCommandError
 
        return ColorChooser.chooseColor(
               ^
Hinweis: Einige Eingabedateien verwenden oder ├╝berschreiben eine veraltete API.
Hinweis: Wiederholen Sie die Kompilierung mit -Xlint:deprecation, um Details zu erhalten.
1 Warnung

> Task :classes
> Task :jar
> Task :instrumentCode
> Task :instrumentedJar

> Task :compileTestJava
C:\Users\SasBe\Desktop\SubTabs\src\test\java\de\sasbe\subtabs\SubtabFamiliaEditorTabTest.java:121: Warnung: [removal] 
getData(String) in DataContext ist veraltet und wurde zum Entfernen markiert
            public @Nullable Object getData(@NotNull String dataId) {
                                    ^
C:\Users\SasBe\Desktop\SubTabs\src\test\java\de\sasbe\subtabs\SubtabFamiliaEditorTabTest.java:125: Warnung: [removal] 
createFromDataContext(String,Presentation,DataContext) in AnActionEvent ist veraltet und wurde zum Entfernen markiert
        return AnActionEvent.createFromDataContext(ActionPlaces.EDITOR_TAB_POPUP, null, context);
                            ^
C:\Users\SasBe\Desktop\SubTabs\src\test\java\de\sasbe\subtabs\SubtabFamiliaEditorTabTest.java:131: Warnung: [removal] 
getData(String) in DataContext ist veraltet und wurde zum Entfernen markiert
            public @Nullable Object getData(@NotNull String dataId) {
                                    ^
C:\Users\SasBe\Desktop\SubTabs\src\test\java\de\sasbe\subtabs\SubtabFamiliaEditorTabTest.java:135: Warnung: [removal] 
createFromDataContext(String,Presentation,DataContext) in AnActionEvent ist veraltet und wurde zum Entfernen markiert
        return AnActionEvent.createFromDataContext(ActionPlaces.PROJECT_VIEW_POPUP, null, context);
                            ^

> Task :composedJar
> Task :prepareTestSandbox
> Task :prepareTest

> Task :compileTestJava
Hinweis: Einige Eingabedateien verwenden oder ├╝berschreiben eine veraltete API.
Hinweis: Wiederholen Sie die Kompilierung mit -Xlint:deprecation, um Details zu erhalten.
4 Warnungen

> Task :testClasses
> Task :instrumentTestCode

> Task :test
[0.017s][warning][cds] Archived non-system classes are disabled because the java.system.class.loader property is specified (value = "com.intellij.util.lang.PathClassLoader"). To use archived non-system classes, this property must not be set

Gradle Test Executor 2 STANDARD_ERROR
    Configuration file for j.u.l.LogManager does not exist: C:\Users\SasBe\AppData\Local\Temp\cursor-sandbox-cache\f04ab1800cb273274821d5f3987f12f6\gradle\caches\9.4.1\transforms\815fc69cfb2c122a895a674ca6b8753e\transformed\idea-2025.3-win\test-log.properties

Gradle Test Executor 2 STANDARD_OUT
    Test log file: file:///C:/Users/SasBe/Desktop/SubTabs/.intellijPlatform/sandbox/component-subtabs/IU-2025.3/log-test/idea.log

FamiliaPerformanceBenchmarkTest > testPrintFamiliaPerformanceReport STANDARD_OUT
    CPU timing rating: 34 (calculated in 8943ms)

FamiliaPerformanceBenchmarkTest > testPrintFamiliaPerformanceReport STANDARD_ERROR
    SLF4J(E): A service provider failed to instantiate:
    org.slf4j.spi.SLF4JServiceProvider: Provider com.intellij.clouds.docker.devcontainers.cli.logging.SLF4JServiceProviderImpl could not be instantiated
    [  12801]   WARN - #c.i.e.w.WslDistributionManager - Failed to run C:\WINDOWS\system32\wsl.exe --list --verbose: {exitCode=1, timeout=false, cancelled=false, stdout=, stderr=Der Windows-Subsystem f├╝r Linux ist nicht installiert. Sie k├Ânnen die Installation ausf├╝hren, indem Sie "wsl.exe --install" ausf├╝hren.
    Weitere Informationen finden Sie unter https://aka.ms/wslinstall
    }, done in 296 ms
    java.io.IOException: Failed to run C:\WINDOWS\system32\wsl.exe --list --verbose: {exitCode=1, timeout=false, cancelled=false, stdout=, stderr=Der Windows-Subsystem f├╝r Linux ist nicht installiert. Sie k├Ânnen die Installation ausf├╝hren, indem Sie "wsl.exe --install" ausf├╝hren.
    Weitere Informationen finden Sie unter https://aka.ms/wslinstall
    }, done in 296 ms
    	at com.intellij.execution.wsl.WslDistributionManagerImpl.loadInstalledDistributionsWithVersions(WslDistributionManagerImpl.java:86)
    	at com.intellij.execution.wsl.WslDistributionManager.loadInstalledDistributions(WslDistributionManager.java:172)
    	at com.intellij.execution.wsl.WslDistributionManager.getInstalledDistributions(WslDistributionManager.java:91)
    	at java.base/java.util.concurrent.CompletableFuture$AsyncSupply.run(CompletableFuture.java:1768)
    	at com.intellij.util.concurrency.ChildContext$runInChildContext$1.invoke(propagation.kt:167)
    	at com.intellij.util.concurrency.ChildContext$runInChildContext$1.invoke(propagation.kt:167)
    	at com.intellij.util.concurrency.ChildContext.runInChildContext(propagation.kt:173)
    	at com.intellij.util.concurrency.ChildContext.runInChildContext(propagation.kt:167)
    	at com.intellij.util.concurrency.ContextRunnable.lambda$run$0(ContextRunnable.java:26)
    	at com.intellij.concurrency.ThreadContext.resetThreadContext(threadContext.kt:294)
    	at com.intellij.util.concurrency.ContextRunnable.run(ContextRunnable.java:25)
    	at java.base/java.util.concurrent.ThreadPoolExecutor.runWorker(ThreadPoolExecutor.java:1144)
    	at java.base/java.util.concurrent.ThreadPoolExecutor$Worker.run(ThreadPoolExecutor.java:642)
    	at java.base/java.util.concurrent.Executors$PrivilegedThreadFactory$1$1.run(Executors.java:735)
    	at java.base/java.util.concurrent.Executors$PrivilegedThreadFactory$1$1.run(Executors.java:732)
    	at java.base/java.security.AccessController.doPrivileged(AccessController.java:400)
    	at java.base/java.util.concurrent.Executors$PrivilegedThreadFactory$1.run(Executors.java:732)
    	at java.base/java.lang.Thread.run(Thread.java:1583)
    [  12934]   WARN - #c.i.l.j.p.u.JSPluginPathManager - Cannot find C:\Users\SasBe\AppData\Local\Temp\cursor-sandbox-cache\f04ab1800cb273274821d5f3987f12f6\gradle\caches\9.4.1\transforms\815fc69cfb2c122a895a674ca6b8753e\transformed\idea-2025.3-win\plugins\JavaScriptLanguage\resources\jsLanguageServicesImpl
    [  13749]   WARN - #c.i.l.j.p.u.JSPluginPathManager - Cannot find C:\Users\SasBe\AppData\Local\Temp\cursor-sandbox-cache\f04ab1800cb273274821d5f3987f12f6\gradle\caches\9.4.1\transforms\815fc69cfb2c122a895a674ca6b8753e\transformed\idea-2025.3-win\plugins\JavaScriptLanguage\resources\jsLanguageServicesImpl
    Use verbose CefLog to stderr.

FamiliaPerformanceBenchmarkTest > testPrintFamiliaPerformanceReport STANDARD_OUT
    JCEF(20:34:990): initialized stderr logger, severity=LOGSEVERITY_VERBOSE

FamiliaPerformanceBenchmarkTest > testPrintFamiliaPerformanceReport STANDARD_ERROR
    [  19549]   WARN - #c.i.o.f.i.EditorComposite - Attempting to remove component 'de.sasbe.subtabs.SidetabBarPanel[,0,0,0x0,invalid,layout=java.awt.BorderLayout,alignmentX=0.0,alignmentY=0.0,border=com.intellij.ui.border.CustomLineBorder@26566a4b,flags=16777225,maximumSize=java.awt.Dimension[width=85,height=2147483647],minimumSize=java.awt.Dimension[width=48,height=0],preferredSize=java.awt.Dimension[width=85,height=1]]' from the editor 'Editor: file://C:/Users/SasBe/AppData/Local/Temp/unitTest_PrintFamiliaPerformanceReport_3JjhWdshbwlmEcuKBuLafLL61hG/app_3JjhYT2Q2cl6ZqnM4tjDsbKGiCX/product-list.component.html',but the component has no parent
    java.lang.Throwable
    	at com.intellij.openapi.fileEditor.impl.EditorComposite.manageTopOrBottomComponent(EditorComposite.kt:574)
    	at com.intellij.openapi.fileEditor.impl.EditorComposite.removeTopComponent(EditorComposite.kt:555)
    	at com.intellij.openapi.fileEditor.impl.FileEditorManagerImpl.removeTopComponent(FileEditorManagerImpl.kt:1780)
    	at de.sasbe.subtabs.SidetabsManager.attachPanel(SidetabsManager.java:279)
    	at de.sasbe.subtabs.SidetabsManager.install(SidetabsManager.java:207)
    	at de.sasbe.subtabs.SidetabsManager.attachIfNeeded(SidetabsManager.java:43)
    	at de.sasbe.subtabs.ComponentSubtabsFileEditorListener.selectionChanged(ComponentSubtabsFileEditorListener.java:86)
    	at com.intellij.util.messages.impl.MessageBusImplKt.invokeMethod(MessageBusImpl.kt:820)
    	at com.intellij.util.messages.impl.MessageBusImplKt.invokeListener(MessageBusImpl.kt:764)
    	at com.intellij.util.messages.impl.MessageBusImplKt.deliverMessage(MessageBusImpl.kt:503)
    	at com.intellij.util.messages.impl.MessageBusImplKt.pumpWaiting(MessageBusImpl.kt:482)
    	at com.intellij.util.messages.impl.MessageBusImplKt.access$pumpWaiting(MessageBusImpl.kt:1)
    	at com.intellij.util.messages.impl.MessagePublisher.invoke(MessageBusImpl.kt:545)
    	at jdk.proxy3/jdk.proxy3.$Proxy160.selectionChanged(Unknown Source)
    	at com.intellij.openapi.fileEditor.impl.FileEditorManagerImpl.fireSelectionChanged$lambda$1(FileEditorManagerImpl.kt:1840)
    	at com.intellij.openapi.application.CoroutinesKt.writeIntentReadAction$lambda$0(coroutines.kt:324)
    	at com.intellij.openapi.application.impl.AppImplKt$rethrowCheckedExceptions$2.invoke(appImpl.kt:126)
    	at com.intellij.platform.locking.impl.NestedLocksThreadingSupport.doRunWriteIntentReadAction(NestedLocksThreadingSupport.kt:737)
    	at com.intellij.platform.locking.impl.NestedLocksThreadingSupport.runPreventiveWriteIntentReadAction(NestedLocksThreadingSupport.kt:711)
    	at com.intellij.platform.locking.impl.NestedLocksThreadingSupport.runWriteIntentReadAction(NestedLocksThreadingSupport.kt:665)
    	at com.intellij.openapi.application.impl.ApplicationImpl.runWriteIntentReadAction(ApplicationImpl.java:1185)
    	at com.intellij.openapi.application.CoroutinesKt.writeIntentReadAction(coroutines.kt:324)
    	at com.intellij.openapi.fileEditor.impl.FileEditorManagerImpl.fireSelectionChanged(FileEditorManagerImpl.kt:1839)
    	at com.intellij.openapi.fileEditor.impl.FileEditorManagerImpl.access$fireSelectionChanged(FileEditorManagerImpl.kt:127)
    	at com.intellij.openapi.fileEditor.impl.FileEditorManagerImpl$2$1$1.invokeSuspend(FileEditorManagerImpl.kt:286)
    	at kotlin.coroutines.jvm.internal.BaseContinuationImpl.resumeWith(ContinuationImpl.kt:34)
    	at kotlinx.coroutines.DispatchedTask.run(DispatchedTask.kt:100)
    	at com.intellij.openapi.application.impl.DispatchedRunnable.run(DispatchedRunnable.kt:42)
    	at com.intellij.openapi.application.TransactionGuardImpl.runWithWritingAllowed(TransactionGuardImpl.java:239)
    	at com.intellij.openapi.application.TransactionGuardImpl.access$100(TransactionGuardImpl.java:25)
    	at com.intellij.openapi.application.TransactionGuardImpl$2.run(TransactionGuardImpl.java:221)
    	at com.intellij.openapi.application.impl.NonBlockingFlushQueue.runNextEvent$lambda$1$1$0(NonBlockingFlushQueue.kt:334)
    	at com.intellij.openapi.progress.impl.CoreProgressManager.computePrioritized(CoreProgressManager.java:901)
    	at com.intellij.openapi.application.impl.NonBlockingFlushQueue.runNextEvent$lambda$1$1(NonBlockingFlushQueue.kt:333)
    	at com.intellij.concurrency.ThreadContext.resetThreadContext(threadContext.kt:294)
    	at com.intellij.openapi.application.impl.NonBlockingFlushQueue.runNextEvent$lambda$1(NonBlockingFlushQueue.kt:330)
    	at com.intellij.platform.locking.impl.NestedLocksThreadingSupport.tryRunWriteIntentReadAction(NestedLocksThreadingSupport.kt:690)
    	at com.intellij.openapi.application.impl.NonBlockingFlushQueue.runNextEvent(NonBlockingFlushQueue.kt:326)
    	at com.intellij.openapi.application.impl.NonBlockingFlushQueue.flushNow(NonBlockingFlushQueue.kt:305)
    	at com.intellij.openapi.application.impl.NonBlockingFlushQueue.FLUSH_NOW$lambda$0(NonBlockingFlushQueue.kt:167)
    	at java.desktop/java.awt.event.InvocationEvent.dispatch(InvocationEvent.java:318)
    	at java.desktop/java.awt.EventQueue.dispatchEventImpl(EventQueue.java:781)
    	at java.desktop/java.awt.EventQueue$4.run(EventQueue.java:728)
    	at java.desktop/java.awt.EventQueue$4.run(EventQueue.java:722)
    	at java.base/java.security.AccessController.doPrivileged(AccessController.java:400)
    	at java.base/java.security.ProtectionDomain$JavaSecurityAccessImpl.doIntersectionPrivilege(ProtectionDomain.java:87)
    	at java.desktop/java.awt.EventQueue.dispatchEvent(EventQueue.java:750)
    	at com.intellij.ide.IdeEventQueue.defaultDispatchEvent(IdeEventQueue.kt:664)
    	at com.intellij.ide.IdeEventQueue._dispatchEvent(IdeEventQueue.kt:517)
    	at com.intellij.ide.IdeEventQueue.dispatchEvent$lambda$0$0$0(IdeEventQueue.kt:333)
    	at com.intellij.ide.IdeEventQueueKt.performActivity$lambda$1(IdeEventQueue.kt:1065)
    	at com.intellij.openapi.application.TransactionGuardImpl.performActivity(TransactionGuardImpl.java:117)
    	at com.intellij.ide.IdeEventQueueKt.performActivity(IdeEventQueue.kt:1065)
    	at com.intellij.ide.IdeEventQueue.dispatchEvent$lambda$0(IdeEventQueue.kt:331)
    	at com.intellij.ide.IdeEventQueue.dispatchEvent(IdeEventQueue.kt:371)
    	at com.intellij.testFramework.EdtTestUtilKt.dispatchNextEventIfAny$lambda$0(EdtTestUtil.kt:82)
    	at com.intellij.concurrency.ThreadContext.resetThreadContext(threadContext.kt:294)
    	at com.intellij.testFramework.EdtTestUtilKt.dispatchNextEventIfAny(EdtTestUtil.kt:73)
    	at com.intellij.testFramework.EdtTestUtilKt.dispatchAllEventsInIdeEventQueue$lambda$0(EdtTestUtil.kt:62)
    	at com.intellij.platform.locking.impl.NestedLocksThreadingSupport.releaseTheAcquiredWriteIntentLockThenExecuteActionAndTakeWriteIntentLockBack(NestedLocksThreadingSupport.kt:1652)
    	at com.intellij.openapi.application.impl.TestOnlyThreading.releaseTheAcquiredWriteIntentLockThenExecuteActionAndTakeWriteIntentLockBack(appImpl.kt:147)
    	at com.intellij.testFramework.EdtTestUtilKt.dispatchAllEventsInIdeEventQueue(EdtTestUtil.kt:60)
    	at com.intellij.testFramework.PlatformTestUtil.dispatchAllEventsInIdeEventQueue(PlatformTestUtil.java:548)
    	at de.sasbe.subtabs.RealEditorWindowTestCase.openAndSettle(RealEditorWindowTestCase.java:63)
    	at de.sasbe.subtabs.FamiliaPerformanceBenchmarkTest.measureSidetabDocumentRefresh(FamiliaPerformanceBenchmarkTest.java:193)
    	at de.sasbe.subtabs.FamiliaPerformanceBenchmarkTest.testPrintFamiliaPerformanceReport(FamiliaPerformanceBenchmarkTest.java:111)
    	at java.base/jdk.internal.reflect.DirectMethodHandleAccessor.invoke(DirectMethodHandleAccessor.java:103)
    	at java.base/java.lang.reflect.Method.invoke(Method.java:580)
    	at junit.framework.TestCase.runTest(TestCase.java:177)
    	at com.intellij.testFramework.UsefulTestCase.lambda$runBare$12(UsefulTestCase.java:506)
    	at com.intellij.testFramework.UsefulTestCase.runTestRunnable(UsefulTestCase.java:431)
    	at com.intellij.testFramework.HeavyPlatformTestCase.runTestRunnable(HeavyPlatformTestCase.java:686)
    	at com.intellij.testFramework.HeavyPlatformTestCase.lambda$runBareImpl$26(HeavyPlatformTestCase.java:618)
    	at com.intellij.testFramework.TestLoggerKt$recordErrorsLoggedInTheCurrentThreadAndReportThemAsFailures$2.invoke(testLogger.kt:99)
    	at com.intellij.testFramework.TestLoggerKt$recordErrorsLoggedInTheCurrentThreadAndReportThemAsFailures$2.invoke(testLogger.kt:99)
    	at com.intellij.testFramework.TestLoggerKt.recordErrorsLoggedInTheCurrentThreadAndReportThemAsFailures(testLogger.kt:81)
    	at com.intellij.testFramework.TestLoggerKt.recordErrorsLoggedInTheCurrentThreadAndReportThemAsFailures(testLogger.kt:99)
    	at com.intellij.testFramework.UsefulTestCase.lambda$wrapTestRunnable$15(UsefulTestCase.java:538)
    	at com.intellij.openapi.application.impl.AppImplKt$rethrowCheckedExceptions$1.invoke(appImpl.kt:125)
    	at com.intellij.openapi.application.impl.AppImplKt$rethrowCheckedExceptions$1.invoke(appImpl.kt:125)
    	at com.intellij.platform.locking.impl.NestedLocksThreadingSupport.doRunWriteIntentReadAction(NestedLocksThreadingSupport.kt:737)
    	at com.intellij.platform.locking.impl.NestedLocksThreadingSupport.runPreventiveWriteIntentReadAction(NestedLocksThreadingSupport.kt:711)
    	at com.intellij.platform.locking.impl.NestedLocksThreadingSupport.runWriteIntentReadAction(NestedLocksThreadingSupport.kt:665)
    	at com.intellij.testFramework.EdtTestUtil.lambda$runInEdtAndWait$2(EdtTestUtil.java:79)
    	at com.intellij.util.concurrency.ChildContext$runInChildContext$1.invoke(propagation.kt:167)
    	at com.intellij.util.concurrency.ChildContext$runInChildContext$1.invoke(propagation.kt:167)
    	at com.intellij.util.concurrency.ChildContext.runInChildContext(propagation.kt:173)
    	at com.intellij.util.concurrency.ChildContext.runInChildContext(propagation.kt:167)
    	at com.intellij.util.concurrency.ContextRunnable.lambda$run$0(ContextRunnable.java:26)
    	at com.intellij.concurrency.ThreadContext.resetThreadContext(threadContext.kt:294)
    	at com.intellij.util.concurrency.ContextRunnable.run(ContextRunnable.java:25)
    	at java.desktop/java.awt.event.InvocationEvent.dispatch(InvocationEvent.java:308)
    	at java.desktop/java.awt.EventQueue.dispatchEventImpl(EventQueue.java:781)
    	at java.desktop/java.awt.EventQueue$4.run(EventQueue.java:728)
    	at java.desktop/java.awt.EventQueue$4.run(EventQueue.java:722)
    	at java.base/java.security.AccessController.doPrivileged(AccessController.java:400)
    	at java.base/java.security.ProtectionDomain$JavaSecurityAccessImpl.doIntersectionPrivilege(ProtectionDomain.java:87)
    	at java.desktop/java.awt.EventQueue.dispatchEvent(EventQueue.java:750)
    	at com.intellij.ide.IdeEventQueue.dispatchEvent(IdeEventQueue.kt:300)
    	at java.desktop/java.awt.EventDispatchThread.pumpOneEventForFilters(EventDispatchThread.java:207)
    	at java.desktop/java.awt.EventDispatchThread.pumpEventsForFilter(EventDispatchThread.java:128)
    	at java.desktop/java.awt.EventDispatchThread.pumpEventsForHierarchy(EventDispatchThread.java:117)
    	at java.desktop/java.awt.EventDispatchThread.pumpEvents(EventDispatchThread.java:113)
    	at java.desktop/java.awt.EventDispatchThread.pumpEvents(EventDispatchThread.java:105)
    	at java.desktop/java.awt.EventDispatchThread.run(EventDispatchThread.java:92)
    [  19597]   WARN - #c.i.l.j.p.u.JSPluginPathManager - Cannot find C:\Users\SasBe\AppData\Local\Temp\cursor-sandbox-cache\f04ab1800cb273274821d5f3987f12f6\gradle\caches\9.4.1\transforms\815fc69cfb2c122a895a674ca6b8753e\transformed\idea-2025.3-win\plugins\vuejs\vuejs-backend\vue-language-tools\language-server\2.2.10
    ERROR: Cannot create extension (class=org.jetbrains.vuejs.lang.typescript.service.lsp.VueLspServerSupportProvider) [Plugin: org.jetbrains.plugins.vue]
    com.intellij.diagnostic.PluginException: Cannot create extension (class=org.jetbrains.vuejs.lang.typescript.service.lsp.VueLspServerSupportProvider) [Plugin: org.jetbrains.plugins.vue]
    	at com.intellij.serviceContainer.ComponentManagerImpl.createError(ComponentManagerImpl.kt:962)
    	at com.intellij.openapi.extensions.impl.XmlExtensionAdapter.doCreateInstance(XmlExtensionAdapter.kt:73)
    	at com.intellij.openapi.extensions.impl.XmlExtensionAdapter.createInstance(XmlExtensionAdapter.kt:33)
    	at com.intellij.openapi.extensions.impl.ExtensionPointImpl.processAdapter(ExtensionPointImpl.kt:404)
    	at com.intellij.openapi.extensions.impl.ExtensionPointImpl.createExtensionInstances(ExtensionPointImpl.kt:377)
    	at com.intellij.openapi.extensions.impl.ExtensionPointImpl.getExtensionList(ExtensionPointImpl.kt:223)
    	at com.intellij.openapi.extensions.ExtensionPointName.getExtensionList(ExtensionPointName.kt:54)
    	at com.intellij.platform.lsp.impl.LspOpenedFilesService.d(LspOpenedFilesService.kt:61)
    	at com.intellij.openapi.application.impl.NonBlockingReadActionImpl$OTelMonitor.callWrapped(NonBlockingReadActionImpl.java:929)
    	at com.intellij.openapi.application.impl.NonBlockingReadActionImpl$OTelMonitor$MonitoredComputation.call(NonBlockingReadActionImpl.java:961)
    	at com.intellij.openapi.application.impl.NonBlockingReadActionImpl$Submission.insideReadAction(NonBlockingReadActionImpl.java:685)
    	at com.intellij.openapi.application.impl.NonBlockingReadActionImpl$Submission.lambda$attemptComputation$6(NonBlockingReadActionImpl.java:648)
    	at com.intellij.platform.locking.impl.NestedLocksThreadingSupport.tryRunReadAction(NestedLocksThreadingSupport.kt:902)
    	at com.intellij.openapi.application.impl.ApplicationImpl.tryRunReadAction(ApplicationImpl.java:1237)
    	at com.intellij.openapi.progress.util.ProgressIndicatorUtils.lambda$runInReadActionWithWriteActionPriority$0(ProgressIndicatorUtils.java:94)
    	at com.intellij.openapi.progress.util.ProgressIndicatorUtilService.runActionAndCancelBeforeWrite(ProgressIndicatorUtilService.java:73)
    	at com.intellij.openapi.progress.util.ProgressIndicatorUtils.runActionAndCancelBeforeWrite(ProgressIndicatorUtils.java:152)
    	at com.intellij.openapi.progress.util.ProgressIndicatorUtils.lambda$runWithWriteActionPriority$1(ProgressIndicatorUtils.java:139)
    	at com.intellij.openapi.progress.ProgressManager.lambda$runProcess$0(ProgressManager.java:98)
    	at com.intellij.openapi.progress.impl.CoreProgressManager.lambda$runProcess$2(CoreProgressManager.java:256)
    	at com.intellij.openapi.progress.impl.CoreProgressManager.lambda$executeProcessUnderProgress$14(CoreProgressManager.java:717)
    	at com.intellij.openapi.progress.impl.CoreProgressManager.registerIndicatorAndRun(CoreProgressManager.java:792)
    	at com.intellij.openapi.progress.impl.CoreProgressManager.computeUnderProgress(CoreProgressManager.java:748)
    	at com.intellij.openapi.progress.impl.CoreProgressManager.executeProcessUnderProgress(CoreProgressManager.java:716)
    	at com.intellij.openapi.progress.impl.ProgressManagerImpl.executeProcessUnderProgress(ProgressManagerImpl.java:75)
    	at com.intellij.openapi.progress.impl.CoreProgressManager.runProcess(CoreProgressManager.java:240)
    	at com.intellij.openapi.progress.ProgressManager.runProcess(ProgressManager.java:98)
    	at com.intellij.openapi.progress.util.ProgressIndicatorUtils.runWithWriteActionPriority(ProgressIndicatorUtils.java:136)
    	at com.intellij.openapi.progress.util.ProgressIndicatorUtils.runInReadActionWithWriteActionPriority(ProgressIndicatorUtils.java:94)
    	at com.intellij.openapi.application.impl.NonBlockingReadActionImpl$Submission.attemptComputation(NonBlockingReadActionImpl.java:648)
    	at com.intellij.openapi.application.impl.NonBlockingReadActionImpl$Submission.lambda$transferToBgThread$1(NonBlockingReadActionImpl.java:529)
    	at com.intellij.concurrency.ThreadContext.installThreadContext(threadContext.kt:305)
    	at com.intellij.openapi.application.impl.NonBlockingReadActionImpl$Submission.lambda$transferToBgThread$2(NonBlockingReadActionImpl.java:529)
    	at java.base/java.util.concurrent.ThreadPoolExecutor.runWorker(ThreadPoolExecutor.java:1144)
    	at java.base/java.util.concurrent.ThreadPoolExecutor$Worker.run(ThreadPoolExecutor.java:642)
    	at java.base/java.util.concurrent.Executors$PrivilegedThreadFactory$1$1.run(Executors.java:735)
    	at java.base/java.util.concurrent.Executors$PrivilegedThreadFactory$1$1.run(Executors.java:732)
    	at java.base/java.security.AccessController.doPrivileged(AccessController.java:400)
    	at java.base/java.util.concurrent.Executors$PrivilegedThreadFactory$1.run(Executors.java:732)
    	at java.base/java.lang.Thread.run(Thread.java:1583)
    Caused by: com.intellij.diagnostic.PluginException: Cannot create class org.jetbrains.vuejs.lang.typescript.service.lsp.VueLspServerSupportProvider (classloader=com.intellij.util.lang.PathClassLoader@50040f0c) [Plugin: org.jetbrains.plugins.vue]
    	at com.intellij.serviceContainer.ComponentManagerImpl.doInstantiateClass(ComponentManagerImpl.kt:900)
    	at com.intellij.serviceContainer.ComponentManagerImpl.instantiateClass$lambda$1$0(ComponentManagerImpl.kt:875)
    	at com.intellij.concurrency.ThreadContext.installThreadContext(threadContext.kt:305)
    	at com.intellij.concurrency.ThreadContext.installThreadContext$default(threadContext.kt:303)
    	at com.intellij.serviceContainer.ComponentManagerImpl.instantiateClass$lambda$1(ComponentManagerImpl.kt:874)
    	at com.intellij.concurrency.ThreadContext.resetThreadContext(threadContext.kt:294)
    	at com.intellij.serviceContainer.ComponentManagerImpl.instantiateClass(ComponentManagerImpl.kt:873)
    	at com.intellij.openapi.extensions.impl.SimpleConstructorInjectionAdapter.instantiateClass(XmlExtensionAdapter.kt:102)
    	at com.intellij.openapi.extensions.impl.XmlExtensionAdapter.doCreateInstance(XmlExtensionAdapter.kt:52)
    	... 38 more
    Caused by: java.lang.ExceptionInInitializerError
    	at org.jetbrains.vuejs.lang.typescript.service.VueLspServerPackageDescriptor.<init>(VueServices.kt:37)
    	at org.jetbrains.vuejs.lang.typescript.service.VueLspServerPackageDescriptor.<clinit>(VueServices.kt)
    	at org.jetbrains.vuejs.lang.typescript.service.VueLspServerLoader.<init>(VueServices.kt:44)
    	at org.jetbrains.vuejs.lang.typescript.service.VueLspServerLoader.<clinit>(VueServices.kt)
    	at org.jetbrains.vuejs.lang.typescript.service.VueLspServerActivationRule.<init>(VueServices.kt:76)
    	at org.jetbrains.vuejs.lang.typescript.service.VueLspServerActivationRule.<clinit>(VueServices.kt)
    	at org.jetbrains.vuejs.lang.typescript.service.lsp.VueLspServerSupportProvider.<init>(VueLspServerSupportProvider.kt:19)
    	at com.intellij.serviceContainer.ComponentManagerImpl.findConstructorAndInstantiateClass(ComponentManagerImpl.kt:882)
    	at com.intellij.serviceContainer.ComponentManagerImpl.doInstantiateClass(ComponentManagerImpl.kt:891)
    	... 46 more
    Caused by: java.lang.IllegalStateException: C:\Users\SasBe\AppData\Local\Temp\cursor-sandbox-cache\f04ab1800cb273274821d5f3987f12f6\gradle\caches\9.4.1\transforms\815fc69cfb2c122a895a674ca6b8753e\transformed\idea-2025.3-win\plugins\vuejs-plugin\lib\modules should be lib directory
    	at com.intellij.ide.plugins.PluginManagerCoreKt.getPluginDistDirByClass(PluginManagerCore.kt:1084)
    	at com.intellij.openapi.application.PluginPathManager.getPluginResource(PluginPathManager.java:98)
    	at com.intellij.lang.javascript.psi.util.JSPluginPathManager.getPluginResource(JSPluginPathManager.kt:44)
    	at com.intellij.lang.typescript.lsp.PackageVersion$Companion.bundled(LspServerPackageDescriptor.kt:72)
    	at org.jetbrains.vuejs.lang.typescript.service.VueServicesKt.<clinit>(VueServices.kt:191)
    	... 55 more
    ERROR: Worker exited due to exception
    com.intellij.testFramework.TestLoggerFactory$TestLoggerAssertionError: Cannot create extension (class=org.jetbrains.vuejs.lang.typescript.service.lsp.VueLspServerSupportProvider) [Plugin: org.jetbrains.plugins.vue]
    	at com.intellij.testFramework.TestLoggerFactory$TestLogger.error(TestLoggerFactory.java:457)
    	at com.intellij.openapi.diagnostic.Logger.error(Logger.java:439)
    	at com.intellij.openapi.extensions.impl.ExtensionPointImpl.processAdapter(ExtensionPointImpl.kt:439)
    	at com.intellij.openapi.extensions.impl.ExtensionPointImpl.createExtensionInstances(ExtensionPointImpl.kt:377)
    	at com.intellij.openapi.extensions.impl.ExtensionPointImpl.getExtensionList(ExtensionPointImpl.kt:223)
    	at com.intellij.openapi.extensions.ExtensionPointName.getExtensionList(ExtensionPointName.kt:54)
    	at com.intellij.platform.lsp.impl.LspOpenedFilesService.d(LspOpenedFilesService.kt:61)
    	at com.intellij.openapi.application.impl.NonBlockingReadActionImpl$OTelMonitor.callWrapped(NonBlockingReadActionImpl.java:929)
    	at com.intellij.openapi.application.impl.NonBlockingReadActionImpl$OTelMonitor$MonitoredComputation.call(NonBlockingReadActionImpl.java:961)
    	at com.intellij.openapi.application.impl.NonBlockingReadActionImpl$Submission.insideReadAction(NonBlockingReadActionImpl.java:685)
    	at com.intellij.openapi.application.impl.NonBlockingReadActionImpl$Submission.lambda$attemptComputation$6(NonBlockingReadActionImpl.java:648)
    	at com.intellij.platform.locking.impl.NestedLocksThreadingSupport.tryRunReadAction(NestedLocksThreadingSupport.kt:902)
    	at com.intellij.openapi.application.impl.ApplicationImpl.tryRunReadAction(ApplicationImpl.java:1237)
    	at com.intellij.openapi.progress.util.ProgressIndicatorUtils.lambda$runInReadActionWithWriteActionPriority$0(ProgressIndicatorUtils.java:94)
    	at com.intellij.openapi.progress.util.ProgressIndicatorUtilService.runActionAndCancelBeforeWrite(ProgressIndicatorUtilService.java:73)
    	at com.intellij.openapi.progress.util.ProgressIndicatorUtils.runActionAndCancelBeforeWrite(ProgressIndicatorUtils.java:152)
    	at com.intellij.openapi.progress.util.ProgressIndicatorUtils.lambda$runWithWriteActionPriority$1(ProgressIndicatorUtils.java:139)
    	at com.intellij.openapi.progress.ProgressManager.lambda$runProcess$0(ProgressManager.java:98)
    	at com.intellij.openapi.progress.impl.CoreProgressManager.lambda$runProcess$2(CoreProgressManager.java:256)
    	at com.intellij.openapi.progress.impl.CoreProgressManager.lambda$executeProcessUnderProgress$14(CoreProgressManager.java:717)
    	at com.intellij.openapi.progress.impl.CoreProgressManager.registerIndicatorAndRun(CoreProgressManager.java:792)
    	at com.intellij.openapi.progress.impl.CoreProgressManager.computeUnderProgress(CoreProgressManager.java:748)
    	at com.intellij.openapi.progress.impl.CoreProgressManager.executeProcessUnderProgress(CoreProgressManager.java:716)
    	at com.intellij.openapi.progress.impl.ProgressManagerImpl.executeProcessUnderProgress(ProgressManagerImpl.java:75)
    	at com.intellij.openapi.progress.impl.CoreProgressManager.runProcess(CoreProgressManager.java:240)
    	at com.intellij.openapi.progress.ProgressManager.runProcess(ProgressManager.java:98)
    	at com.intellij.openapi.progress.util.ProgressIndicatorUtils.runWithWriteActionPriority(ProgressIndicatorUtils.java:136)
    	at com.intellij.openapi.progress.util.ProgressIndicatorUtils.runInReadActionWithWriteActionPriority(ProgressIndicatorUtils.java:94)
    	at com.intellij.openapi.application.impl.NonBlockingReadActionImpl$Submission.attemptComputation(NonBlockingReadActionImpl.java:648)
    	at com.intellij.openapi.application.impl.NonBlockingReadActionImpl$Submission.lambda$transferToBgThread$1(NonBlockingReadActionImpl.java:529)
    	at com.intellij.concurrency.ThreadContext.installThreadContext(threadContext.kt:305)
    	at com.intellij.openapi.application.impl.NonBlockingReadActionImpl$Submission.lambda$transferToBgThread$2(NonBlockingReadActionImpl.java:529)
    	at java.base/java.util.concurrent.ThreadPoolExecutor.runWorker(ThreadPoolExecutor.java:1144)
    	at java.base/java.util.concurrent.ThreadPoolExecutor$Worker.run(ThreadPoolExecutor.java:642)
    	at java.base/java.util.concurrent.Executors$PrivilegedThreadFactory$1$1.run(Executors.java:735)
    	at java.base/java.util.concurrent.Executors$PrivilegedThreadFactory$1$1.run(Executors.java:732)
    	at java.base/java.security.AccessController.doPrivileged(AccessController.java:400)
    	at java.base/java.util.concurrent.Executors$PrivilegedThreadFactory$1.run(Executors.java:732)
    	at java.base/java.lang.Thread.run(Thread.java:1583)
    Caused by: com.intellij.diagnostic.PluginException: Cannot create extension (class=org.jetbrains.vuejs.lang.typescript.service.lsp.VueLspServerSupportProvider) [Plugin: org.jetbrains.plugins.vue]
    	at com.intellij.serviceContainer.ComponentManagerImpl.createError(ComponentManagerImpl.kt:962)
    	at com.intellij.openapi.extensions.impl.XmlExtensionAdapter.doCreateInstance(XmlExtensionAdapter.kt:73)
    	at com.intellij.openapi.extensions.impl.XmlExtensionAdapter.createInstance(XmlExtensionAdapter.kt:33)
    	at com.intellij.openapi.extensions.impl.ExtensionPointImpl.processAdapter(ExtensionPointImpl.kt:404)
    	... 36 more
    Caused by: com.intellij.diagnostic.PluginException: Cannot create class org.jetbrains.vuejs.lang.typescript.service.lsp.VueLspServerSupportProvider (classloader=com.intellij.util.lang.PathClassLoader@50040f0c) [Plugin: org.jetbrains.plugins.vue]
    	at com.intellij.serviceContainer.ComponentManagerImpl.doInstantiateClass(ComponentManagerImpl.kt:900)
    	at com.intellij.serviceContainer.ComponentManagerImpl.instantiateClass$lambda$1$0(ComponentManagerImpl.kt:875)
    	at com.intellij.concurrency.ThreadContext.installThreadContext(threadContext.kt:305)
    	at com.intellij.concurrency.ThreadContext.installThreadContext$default(threadContext.kt:303)
    	at com.intellij.serviceContainer.ComponentManagerImpl.instantiateClass$lambda$1(ComponentManagerImpl.kt:874)
    	at com.intellij.concurrency.ThreadContext.resetThreadContext(threadContext.kt:294)
    	at com.intellij.serviceContainer.ComponentManagerImpl.instantiateClass(ComponentManagerImpl.kt:873)
    	at com.intellij.openapi.extensions.impl.SimpleConstructorInjectionAdapter.instantiateClass(XmlExtensionAdapter.kt:102)
    	at com.intellij.openapi.extensions.impl.XmlExtensionAdapter.doCreateInstance(XmlExtensionAdapter.kt:52)
    	... 38 more
    Caused by: java.lang.ExceptionInInitializerError
    	at org.jetbrains.vuejs.lang.typescript.service.VueLspServerPackageDescriptor.<init>(VueServices.kt:37)
    	at org.jetbrains.vuejs.lang.typescript.service.VueLspServerPackageDescriptor.<clinit>(VueServices.kt)
    	at org.jetbrains.vuejs.lang.typescript.service.VueLspServerLoader.<init>(VueServices.kt:44)
    	at org.jetbrains.vuejs.lang.typescript.service.VueLspServerLoader.<clinit>(VueServices.kt)
    	at org.jetbrains.vuejs.lang.typescript.service.VueLspServerActivationRule.<init>(VueServices.kt:76)
    	at org.jetbrains.vuejs.lang.typescript.service.VueLspServerActivationRule.<clinit>(VueServices.kt)
    	at org.jetbrains.vuejs.lang.typescript.service.lsp.VueLspServerSupportProvider.<init>(VueLspServerSupportProvider.kt:19)
    	at com.intellij.serviceContainer.ComponentManagerImpl.findConstructorAndInstantiateClass(ComponentManagerImpl.kt:882)
    	at com.intellij.serviceContainer.ComponentManagerImpl.doInstantiateClass(ComponentManagerImpl.kt:891)
    	... 46 more
    Caused by: java.lang.IllegalStateException: C:\Users\SasBe\AppData\Local\Temp\cursor-sandbox-cache\f04ab1800cb273274821d5f3987f12f6\gradle\caches\9.4.1\transforms\815fc69cfb2c122a895a674ca6b8753e\transformed\idea-2025.3-win\plugins\vuejs-plugin\lib\modules should be lib directory
    	at com.intellij.ide.plugins.PluginManagerCoreKt.getPluginDistDirByClass(PluginManagerCore.kt:1084)
    	at com.intellij.openapi.application.PluginPathManager.getPluginResource(PluginPathManager.java:98)
    	at com.intellij.lang.javascript.psi.util.JSPluginPathManager.getPluginResource(JSPluginPathManager.kt:44)
    	at com.intellij.lang.typescript.lsp.PackageVersion$Companion.bundled(LspServerPackageDescriptor.kt:72)
    	at org.jetbrains.vuejs.lang.typescript.service.VueServicesKt.<clinit>(VueServices.kt:191)
    	... 55 more
    Exception in thread "ApplicationImpl pooled thread 6" com.intellij.testFramework.TestLoggerFactory$TestLoggerAssertionError: Worker exited due to exception
    	at com.intellij.testFramework.TestLoggerFactory$TestLogger.error(TestLoggerFactory.java:457)
    	at com.intellij.openapi.diagnostic.Logger.error(Logger.java:426)
    	at com.intellij.util.concurrency.AppScheduledExecutorService$BackendThreadPoolExecutor.afterExecute(AppScheduledExecutorService.java:190)
    	at java.base/java.util.concurrent.ThreadPoolExecutor.runWorker(ThreadPoolExecutor.java:1147)
    	at java.base/java.util.concurrent.ThreadPoolExecutor$Worker.run(ThreadPoolExecutor.java:642)
    	at java.base/java.util.concurrent.Executors$PrivilegedThreadFactory$1$1.run(Executors.java:735)
    	at java.base/java.util.concurrent.Executors$PrivilegedThreadFactory$1$1.run(Executors.java:732)
    	at java.base/java.security.AccessController.doPrivileged(AccessController.java:400)
    	at java.base/java.util.concurrent.Executors$PrivilegedThreadFactory$1.run(Executors.java:732)
    	at java.base/java.lang.Thread.run(Thread.java:1583)
    Caused by: com.intellij.testFramework.TestLoggerFactory$TestLoggerAssertionError: Cannot create extension (class=org.jetbrains.vuejs.lang.typescript.service.lsp.VueLspServerSupportProvider) [Plugin: org.jetbrains.plugins.vue]
    	at com.intellij.testFramework.TestLoggerFactory$TestLogger.error(TestLoggerFactory.java:457)
    	at com.intellij.openapi.diagnostic.Logger.error(Logger.java:439)
    	at com.intellij.openapi.extensions.impl.ExtensionPointImpl.processAdapter(ExtensionPointImpl.kt:439)
    	at com.intellij.openapi.extensions.impl.ExtensionPointImpl.createExtensionInstances(ExtensionPointImpl.kt:377)
    	at com.intellij.openapi.extensions.impl.ExtensionPointImpl.getExtensionList(ExtensionPointImpl.kt:223)
    	at com.intellij.openapi.extensions.ExtensionPointName.getExtensionList(ExtensionPointName.kt:54)
    	at com.intellij.platform.lsp.impl.LspOpenedFilesService.d(LspOpenedFilesService.kt:61)
    	at com.intellij.openapi.application.impl.NonBlockingReadActionImpl$OTelMonitor.callWrapped(NonBlockingReadActionImpl.java:929)
    	at com.intellij.openapi.application.impl.NonBlockingReadActionImpl$OTelMonitor$MonitoredComputation.call(NonBlockingReadActionImpl.java:961)
    	at com.intellij.openapi.application.impl.NonBlockingReadActionImpl$Submission.insideReadAction(NonBlockingReadActionImpl.java:685)
    	at com.intellij.openapi.application.impl.NonBlockingReadActionImpl$Submission.lambda$attemptComputation$6(NonBlockingReadActionImpl.java:648)
    	at com.intellij.platform.locking.impl.NestedLocksThreadingSupport.tryRunReadAction(NestedLocksThreadingSupport.kt:902)
    	at com.intellij.openapi.application.impl.ApplicationImpl.tryRunReadAction(ApplicationImpl.java:1237)
    	at com.intellij.openapi.progress.util.ProgressIndicatorUtils.lambda$runInReadActionWithWriteActionPriority$0(ProgressIndicatorUtils.java:94)
    	at com.intellij.openapi.progress.util.ProgressIndicatorUtilService.runActionAndCancelBeforeWrite(ProgressIndicatorUtilService.java:73)
    	at com.intellij.openapi.progress.util.ProgressIndicatorUtils.runActionAndCancelBeforeWrite(ProgressIndicatorUtils.java:152)
    	at com.intellij.openapi.progress.util.ProgressIndicatorUtils.lambda$runWithWriteActionPriority$1(ProgressIndicatorUtils.java:139)
    	at com.intellij.openapi.progress.ProgressManager.lambda$runProcess$0(ProgressManager.java:98)
    	at com.intellij.openapi.progress.impl.CoreProgressManager.lambda$runProcess$2(CoreProgressManager.java:256)
    	at com.intellij.openapi.progress.impl.CoreProgressManager.lambda$executeProcessUnderProgress$14(CoreProgressManager.java:717)
    	at com.intellij.openapi.progress.impl.CoreProgressManager.registerIndicatorAndRun(CoreProgressManager.java:792)
    	at com.intellij.openapi.progress.impl.CoreProgressManager.computeUnderProgress(CoreProgressManager.java:748)
    	at com.intellij.openapi.progress.impl.CoreProgressManager.executeProcessUnderProgress(CoreProgressManager.java:716)
    	at com.intellij.openapi.progress.impl.ProgressManagerImpl.executeProcessUnderProgress(ProgressManagerImpl.java:75)
    	at com.intellij.openapi.progress.impl.CoreProgressManager.runProcess(CoreProgressManager.java:240)
    	at com.intellij.openapi.progress.ProgressManager.runProcess(ProgressManager.java:98)
    	at com.intellij.openapi.progress.util.ProgressIndicatorUtils.runWithWriteActionPriority(ProgressIndicatorUtils.java:136)
    	at com.intellij.openapi.progress.util.ProgressIndicatorUtils.runInReadActionWithWriteActionPriority(ProgressIndicatorUtils.java:94)
    	at com.intellij.openapi.application.impl.NonBlockingReadActionImpl$Submission.attemptComputation(NonBlockingReadActionImpl.java:648)
    	at com.intellij.openapi.application.impl.NonBlockingReadActionImpl$Submission.lambda$transferToBgThread$1(NonBlockingReadActionImpl.java:529)
    	at com.intellij.concurrency.ThreadContext.installThreadContext(threadContext.kt:305)
    	at com.intellij.openapi.application.impl.NonBlockingReadActionImpl$Submission.lambda$transferToBgThread$2(NonBlockingReadActionImpl.java:529)
    	at java.base/java.util.concurrent.ThreadPoolExecutor.runWorker(ThreadPoolExecutor.java:1144)
    	... 6 more
    Caused by: com.intellij.diagnostic.PluginException: Cannot create extension (class=org.jetbrains.vuejs.lang.typescript.service.lsp.VueLspServerSupportProvider) [Plugin: org.jetbrains.plugins.vue]
    	at com.intellij.serviceContainer.ComponentManagerImpl.createError(ComponentManagerImpl.kt:962)
    	at com.intellij.openapi.extensions.impl.XmlExtensionAdapter.doCreateInstance(XmlExtensionAdapter.kt:73)
    	at com.intellij.openapi.extensions.impl.XmlExtensionAdapter.createInstance(XmlExtensionAdapter.kt:33)
    	at com.intellij.openapi.extensions.impl.ExtensionPointImpl.processAdapter(ExtensionPointImpl.kt:404)
    	... 36 more
    Caused by: com.intellij.diagnostic.PluginException: Cannot create class org.jetbrains.vuejs.lang.typescript.service.lsp.VueLspServerSupportProvider (classloader=com.intellij.util.lang.PathClassLoader@50040f0c) [Plugin: org.jetbrains.plugins.vue]
    	at com.intellij.serviceContainer.ComponentManagerImpl.doInstantiateClass(ComponentManagerImpl.kt:900)
    	at com.intellij.serviceContainer.ComponentManagerImpl.instantiateClass$lambda$1$0(ComponentManagerImpl.kt:875)
    	at com.intellij.concurrency.ThreadContext.installThreadContext(threadContext.kt:305)
    	at com.intellij.concurrency.ThreadContext.installThreadContext$default(threadContext.kt:303)
    	at com.intellij.serviceContainer.ComponentManagerImpl.instantiateClass$lambda$1(ComponentManagerImpl.kt:874)
    	at com.intellij.concurrency.ThreadContext.resetThreadContext(threadContext.kt:294)
    	at com.intellij.serviceContainer.ComponentManagerImpl.instantiateClass(ComponentManagerImpl.kt:873)
    	at com.intellij.openapi.extensions.impl.SimpleConstructorInjectionAdapter.instantiateClass(XmlExtensionAdapter.kt:102)
    	at com.intellij.openapi.extensions.impl.XmlExtensionAdapter.doCreateInstance(XmlExtensionAdapter.kt:52)
    	... 38 more
    Caused by: java.lang.ExceptionInInitializerError
    	at org.jetbrains.vuejs.lang.typescript.service.VueLspServerPackageDescriptor.<init>(VueServices.kt:37)
    	at org.jetbrains.vuejs.lang.typescript.service.VueLspServerPackageDescriptor.<clinit>(VueServices.kt)
    	at org.jetbrains.vuejs.lang.typescript.service.VueLspServerLoader.<init>(VueServices.kt:44)
    	at org.jetbrains.vuejs.lang.typescript.service.VueLspServerLoader.<clinit>(VueServices.kt)
    	at org.jetbrains.vuejs.lang.typescript.service.VueLspServerActivationRule.<init>(VueServices.kt:76)
    	at org.jetbrains.vuejs.lang.typescript.service.VueLspServerActivationRule.<clinit>(VueServices.kt)
    	at org.jetbrains.vuejs.lang.typescript.service.lsp.VueLspServerSupportProvider.<init>(VueLspServerSupportProvider.kt:19)
    	at com.intellij.serviceContainer.ComponentManagerImpl.findConstructorAndInstantiateClass(ComponentManagerImpl.kt:882)
    	at com.intellij.serviceContainer.ComponentManagerImpl.doInstantiateClass(ComponentManagerImpl.kt:891)
    	... 46 more
    Caused by: java.lang.IllegalStateException: C:\Users\SasBe\AppData\Local\Temp\cursor-sandbox-cache\f04ab1800cb273274821d5f3987f12f6\gradle\caches\9.4.1\transforms\815fc69cfb2c122a895a674ca6b8753e\transformed\idea-2025.3-win\plugins\vuejs-plugin\lib\modules should be lib directory
    	at com.intellij.ide.plugins.PluginManagerCoreKt.getPluginDistDirByClass(PluginManagerCore.kt:1084)
    	at com.intellij.openapi.application.PluginPathManager.getPluginResource(PluginPathManager.java:98)
    	at com.intellij.lang.javascript.psi.util.JSPluginPathManager.getPluginResource(JSPluginPathManager.kt:44)
    	at com.intellij.lang.typescript.lsp.PackageVersion$Companion.bundled(LspServerPackageDescriptor.kt:72)
    	at org.jetbrains.vuejs.lang.typescript.service.VueServicesKt.<clinit>(VueServices.kt:191)
    	... 55 more

*** java.lang.instrument ASSERTION FAILED ***: "!errorOutstanding" with message transform method call failed at 
s\src\java.instrument\share\native\libinstrument\JPLISAgent.c line: 884
*** java.lang.instrument ASSERTION FAILED ***: "!errorOutstanding" with message transform method call failed at 
s\src\java.instrument\share\native\libinstrument\JPLISAgent.c line: 884
*** java.lang.instrument ASSERTION FAILED ***: "!errorOutstanding" with message transform method call failed at 
s\src\java.instrument\share\native\libinstrument\JPLISAgent.c line: 884

> Task :test
    [  19878]   WARN - #c.i.u.PsiIconUtil - IconProvider de.sasbe.subtabs.SubtabGroupPsiIconProvider@5a3029cd threw an exception
    java.lang.StackOverflowError
    	at java.base/java.lang.ClassLoader.defineClass2(Native Method)
    	at java.base/java.lang.ClassLoader.defineClass(ClassLoader.java:1118)
    	at com.intellij.util.lang.UrlClassLoader.consumeClassData(UrlClassLoader.java:332)
    	at com.intellij.util.lang.ZipResourceFile.findClass(ZipResourceFile.java:114)
    	at com.intellij.util.lang.JarLoader.findClass(JarLoader.java:60)
    	at com.intellij.util.lang.ClassPath.findClassInLoader(ClassPath.java:290)
    	at com.intellij.util.lang.ClassPath.findClass(ClassPath.java:240)
    	at com.intellij.util.lang.UrlClassLoader.findClass(UrlClassLoader.java:253)
    	at java.base/java.lang.ClassLoader.loadClass(ClassLoader.java:593)
    	at java.base/java.lang.ClassLoader.loadClass(ClassLoader.java:526)
    	at com.intellij.util.PsiIconUtil.getIconFromProviders(PsiIconUtil.kt:21)
    	at com.intellij.ide.PsiBasedFileIconProvider.getIcon(PsiBasedFileIconProvider.java:19)
    	at de.sasbe.subtabs.SubtabGroupFileIconProvider.resolveUncoloredPlatformIcon(SubtabGroupFileIconProvider.java:65)
    	at de.sasbe.subtabs.SubtabGroupIconTintCache.baseFileIcon(SubtabGroupIconTintCache.java:73)
    	at de.sasbe.subtabs.SubtabGroupIconTintCache.tintedFileIcon(SubtabGroupIconTintCache.java:42)
    	at de.sasbe.subtabs.SubtabGroupPsiIconProvider.getIcon(SubtabGroupPsiIconProvider.java:38)
    	at com.intellij.util.PsiIconUtil.getIconFromProviders(PsiIconUtil.kt:18)
    	at com.intellij.ide.PsiBasedFileIconProvider.getIcon(PsiBasedFileIconProvider.java:19)
    	at de.sasbe.subtabs.SubtabGroupFileIconProvider.resolveUncoloredPlatformIcon(SubtabGroupFileIconProvider.java:65)
    	at de.sasbe.subtabs.SubtabGroupIconTintCache.baseFileIcon(SubtabGroupIconTintCache.java:73)
    	at de.sasbe.subtabs.SubtabGroupIconTintCache.tintedFileIcon(SubtabGroupIconTintCache.java:42)
    	at de.sasbe.subtabs.SubtabGroupPsiIconProvider.getIcon(SubtabGroupPsiIconProvider.java:38)
    	at com.intellij.util.PsiIconUtil.getIconFromProviders(PsiIconUtil.kt:18)
    	at com.intellij.ide.PsiBasedFileIconProvider.getIcon(PsiBasedFileIconProvider.java:19)
    	at de.sasbe.subtabs.SubtabGroupFileIconProvider.resolveUncoloredPlatformIcon(SubtabGroupFileIconProvider.java:65)
    	at de.sasbe.subtabs.SubtabGroupIconTintCache.baseFileIcon(SubtabGroupIconTintCache.java:73)
    	at de.sasbe.subtabs.SubtabGroupIconTintCache.tintedFileIcon(SubtabGroupIconTintCache.java:42)
    	at de.sasbe.subtabs.SubtabGroupPsiIconProvider.getIcon(SubtabGroupPsiIconProvider.java:38)
    	at com.intellij.util.PsiIconUtil.getIconFromProviders(PsiIconUtil.kt:18)
    	at com.intellij.ide.PsiBasedFileIconProvider.getIcon(PsiBasedFileIconProvider.java:19)
    	at de.sasbe.subtabs.SubtabGroupFileIconProvider.resolveUncoloredPlatformIcon(SubtabGroupFileIconProvider.java:65)
    	at de.sasbe.subtabs.SubtabGroupIconTintCache.baseFileIcon(SubtabGroupIconTintCache.java:73)
    	at de.sasbe.subtabs.SubtabGroupIconTintCache.tintedFileIcon(SubtabGroupIconTintCache.java:42)
    	at de.sasbe.subtabs.SubtabGroupPsiIconProvider.getIcon(SubtabGroupPsiIconProvider.java:38)
    	at com.intellij.util.PsiIconUtil.getIconFromProviders(PsiIconUtil.kt:18)
    	at com.intellij.ide.PsiBasedFileIconProvider.getIcon(PsiBasedFileIconProvider.java:19)
    	at de.sasbe.subtabs.SubtabGroupFileIconProvider.resolveUncoloredPlatformIcon(SubtabGroupFileIconProvider.java:65)
    	at de.sasbe.subtabs.SubtabGroupIconTintCache.baseFileIcon(SubtabGroupIconTintCache.java:73)
    	at de.sasbe.subtabs.SubtabGroupIconTintCache.tintedFileIcon(SubtabGroupIconTintCache.java:42)
    	at de.sasbe.subtabs.SubtabGroupPsiIconProvider.getIcon(SubtabGroupPsiIconProvider.java:38)
    	at com.intellij.util.PsiIconUtil.getIconFromProviders(PsiIconUtil.kt:18)
    	at com.intellij.ide.PsiBasedFileIconProvider.getIcon(PsiBasedFileIconProvider.java:19)
    	at de.sasbe.subtabs.SubtabGroupFileIconProvider.resolveUncoloredPlatformIcon(SubtabGroupFileIconProvider.java:65)
    	at de.sasbe.subtabs.SubtabGroupIconTintCache.baseFileIcon(SubtabGroupIconTintCache.java:73)
    	at de.sasbe.subtabs.SubtabGroupIconTintCache.tintedFileIcon(SubtabGroupIconTintCache.java:42)
    	at de.sasbe.subtabs.SubtabGroupPsiIconProvider.getIcon(SubtabGroupPsiIconProvider.java:38)
    	at com.intellij.util.PsiIconUtil.getIconFromProviders(PsiIconUtil.kt:18)
    	at com.intellij.ide.PsiBasedFileIconProvider.getIcon(PsiBasedFileIconProvider.java:19)
    	at de.sasbe.subtabs.SubtabGroupFileIconProvider.resolveUncoloredPlatformIcon(SubtabGroupFileIconProvider.java:65)
    	at de.sasbe.subtabs.SubtabGroupIconTintCache.baseFileIcon(SubtabGroupIconTintCache.java:73)
    	at de.sasbe.subtabs.SubtabGroupIconTintCache.tintedFileIcon(SubtabGroupIconTintCache.java:42)
    	at de.sasbe.subtabs.SubtabGroupPsiIconProvider.getIcon(SubtabGroupPsiIconProvider.java:38)
    	at com.intellij.util.PsiIconUtil.getIconFromProviders(PsiIconUtil.kt:18)
    	at com.intellij.ide.PsiBasedFileIconProvider.getIcon(PsiBasedFileIconProvider.java:19)
    	at de.sasbe.subtabs.SubtabGroupFileIconProvider.resolveUncoloredPlatformIcon(SubtabGroupFileIconProvider.java:65)
    	at de.sasbe.subtabs.SubtabGroupIconTintCache.baseFileIcon(SubtabGroupIconTintCache.java:73)
    	at de.sasbe.subtabs.SubtabGroupIconTintCache.tintedFileIcon(SubtabGroupIconTintCache.java:42)
    	at de.sasbe.subtabs.SubtabGroupPsiIconProvider.getIcon(SubtabGroupPsiIconProvider.java:38)
    	at com.intellij.util.PsiIconUtil.getIconFromProviders(PsiIconUtil.kt:18)
    	at com.intellij.ide.PsiBasedFileIconProvider.getIcon(PsiBasedFileIconProvider.java:19)
    	at de.sasbe.subtabs.SubtabGroupFileIconProvider.resolveUncoloredPlatformIcon(SubtabGroupFileIconProvider.java:65)
    	at de.sasbe.subtabs.SubtabGroupIconTintCache.baseFileIcon(SubtabGroupIconTintCache.java:73)
    	at de.sasbe.subtabs.SubtabGroupIconTintCache.tintedFileIcon(SubtabGroupIconTintCache.java:42)
    	at de.sasbe.subtabs.SubtabGroupPsiIconProvider.getIcon(SubtabGroupPsiIconProvider.java:38)
    	at com.intellij.util.PsiIconUtil.getIconFromProviders(PsiIconUtil.kt:18)
    	at com.intellij.ide.PsiBasedFileIconProvider.getIcon(PsiBasedFileIconProvider.java:19)
    	at de.sasbe.subtabs.SubtabGroupFileIconProvider.resolveUncoloredPlatformIcon(SubtabGroupFileIconProvider.java:65)
    	at de.sasbe.subtabs.SubtabGroupIconTintCache.baseFileIcon(SubtabGroupIconTintCache.java:73)
    	at de.sasbe.subtabs.SubtabGroupIconTintCache.tintedFileIcon(SubtabGroupIconTintCache.java:42)
    	at de.sasbe.subtabs.SubtabGroupPsiIconProvider.getIcon(SubtabGroupPsiIconProvider.java:38)
    	at com.intellij.util.PsiIconUtil.getIconFromProviders(PsiIconUtil.kt:18)
    	at com.intellij.ide.PsiBasedFileIconProvider.getIcon(PsiBasedFileIconProvider.java:19)
    	at de.sasbe.subtabs.SubtabGroupFileIconProvider.resolveUncoloredPlatformIcon(SubtabGroupFileIconProvider.java:65)
    	at de.sasbe.subtabs.SubtabGroupIconTintCache.baseFileIcon(SubtabGroupIconTintCache.java:73)
    	at de.sasbe.subtabs.SubtabGroupIconTintCache.tintedFileIcon(SubtabGroupIconTintCache.java:42)
    	at de.sasbe.subtabs.SubtabGroupPsiIconProvider.getIcon(SubtabGroupPsiIconProvider.java:38)
    	at com.intellij.util.PsiIconUtil.getIconFromProviders(PsiIconUtil.kt:18)
    	at com.intellij.ide.PsiBasedFileIconProvider.getIcon(PsiBasedFileIconProvider.java:19)
    	at de.sasbe.subtabs.SubtabGroupFileIconProvider.resolveUncoloredPlatformIcon(SubtabGroupFileIconProvider.java:65)
    	at de.sasbe.subtabs.SubtabGroupIconTintCache.baseFileIcon(SubtabGroupIconTintCache.java:73)
    	at de.sasbe.subtabs.SubtabGroupIconTintCache.tintedFileIcon(SubtabGroupIconTintCache.java:42)
    	at de.sasbe.subtabs.SubtabGroupPsiIconProvider.getIcon(SubtabGroupPsiIconProvider.java:38)
    	at com.intellij.util.PsiIconUtil.getIconFromProviders(PsiIconUtil.kt:18)
    	at com.intellij.ide.PsiBasedFileIconProvider.getIcon(PsiBasedFileIconProvider.java:19)
    	at de.sasbe.subtabs.SubtabGroupFileIconProvider.resolveUncoloredPlatformIcon(SubtabGroupFileIconProvider.java:65)
    	at de.sasbe.subtabs.SubtabGroupIconTintCache.baseFileIcon(SubtabGroupIconTintCache.java:73)
    	at de.sasbe.subtabs.SubtabGroupIconTintCache.tintedFileIcon(SubtabGroupIconTintCache.java:42)
    	at de.sasbe.subtabs.SubtabGroupPsiIconProvider.getIcon(SubtabGroupPsiIconProvider.java:38)
    	at com.intellij.util.PsiIconUtil.getIconFromProviders(PsiIconUtil.kt:18)
    	at com.intellij.ide.PsiBasedFileIconProvider.getIcon(PsiBasedFileIconProvider.java:19)
    	at de.sasbe.subtabs.SubtabGroupFileIconProvider.resolveUncoloredPlatformIcon(SubtabGroupFileIconProvider.java:65)
    	at de.sasbe.subtabs.SubtabGroupIconTintCache.baseFileIcon(SubtabGroupIconTintCache.java:73)
    	at de.sasbe.subtabs.SubtabGroupIconTintCache.tintedFileIcon(SubtabGroupIconTintCache.java:42)
    	at de.sasbe.subtabs.SubtabGroupPsiIconProvider.getIcon(SubtabGroupPsiIconProvider.java:38)
    	at com.intellij.util.PsiIconUtil.getIconFromProviders(PsiIconUtil.kt:18)
    	at com.intellij.ide.PsiBasedFileIconProvider.getIcon(PsiBasedFileIconProvider.java:19)
    	at de.sasbe.subtabs.SubtabGroupFileIconProvider.resolveUncoloredPlatformIcon(SubtabGroupFileIconProvider.java:65)
    	at de.sasbe.subtabs.SubtabGroupIconTintCache.baseFileIcon(SubtabGroupIconTintCache.java:73)
    	at de.sasbe.subtabs.SubtabGroupIconTintCache.tintedFileIcon(SubtabGroupIconTintCache.java:42)
    	at de.sasbe.subtabs.SubtabGroupPsiIconProvider.getIcon(SubtabGroupPsiIconProvider.java:38)
    	at com.intellij.util.PsiIconUtil.getIconFromProviders(PsiIconUtil.kt:18)
    	at com.intellij.ide.PsiBasedFileIconProvider.getIcon(PsiBasedFileIconProvider.java:19)
    	at de.sasbe.subtabs.SubtabGroupFileIconProvider.resolveUncoloredPlatformIcon(SubtabGroupFileIconProvider.java:65)
    	at de.sasbe.subtabs.SubtabGroupIconTintCache.baseFileIcon(SubtabGroupIconTintCache.java:73)
    	at de.sasbe.subtabs.SubtabGroupIconTintCache.tintedFileIcon(SubtabGroupIconTintCache.java:42)
    	at de.sasbe.subtabs.SubtabGroupPsiIconProvider.getIcon(SubtabGroupPsiIconProvider.java:38)
    	at com.intellij.util.PsiIconUtil.getIconFromProviders(PsiIconUtil.kt:18)
    	at com.intellij.ide.PsiBasedFileIconProvider.getIcon(PsiBasedFileIconProvider.java:19)
    	at de.sasbe.subtabs.SubtabGroupFileIconProvider.resolveUncoloredPlatformIcon(SubtabGroupFileIconProvider.java:65)
    	at de.sasbe.subtabs.SubtabGroupIconTintCache.baseFileIcon(SubtabGroupIconTintCache.java:73)
    	at de.sasbe.subtabs.SubtabGroupIconTintCache.tintedFileIcon(SubtabGroupIconTintCache.java:42)
    	at de.sasbe.subtabs.SubtabGroupPsiIconProvider.getIcon(SubtabGroupPsiIconProvider.java:38)
    	at com.intellij.util.PsiIconUtil.getIconFromProviders(PsiIconUtil.kt:18)
    	at com.intellij.ide.PsiBasedFileIconProvider.getIcon(PsiBasedFileIconProvider.java:19)
    	at de.sasbe.subtabs.SubtabGroupFileIconProvider.resolveUncoloredPlatformIcon(SubtabGroupFileIconProvider.java:65)
    	at de.sasbe.subtabs.SubtabGroupIconTintCache.baseFileIcon(SubtabGroupIconTintCache.java:73)
    	at de.sasbe.subtabs.SubtabGroupIconTintCache.tintedFileIcon(SubtabGroupIconTintCache.java:42)
    	at de.sasbe.subtabs.SubtabGroupPsiIconProvider.getIcon(SubtabGroupPsiIconProvider.java:38)
    	at com.intellij.util.PsiIconUtil.getIconFromProviders(PsiIconUtil.kt:18)
    	at com.intellij.ide.PsiBasedFileIconProvider.getIcon(PsiBasedFileIconProvider.java:19)
    	at de.sasbe.subtabs.SubtabGroupFileIconProvider.resolveUncoloredPlatformIcon(SubtabGroupFileIconProvider.java:65)
    	at de.sasbe.subtabs.SubtabGroupIconTintCache.baseFileIcon(SubtabGroupIconTintCache.java:73)
    	at de.sasbe.subtabs.SubtabGroupIconTintCache.tintedFileIcon(SubtabGroupIconTintCache.java:42)
    	at de.sasbe.subtabs.SubtabGroupPsiIconProvider.getIcon(SubtabGroupPsiIconProvider.java:38)
    	at com.intellij.util.PsiIconUtil.getIconFromProviders(PsiIconUtil.kt:18)
    	at com.intellij.ide.PsiBasedFileIconProvider.getIcon(PsiBasedFileIconProvider.java:19)
    	at de.sasbe.subtabs.SubtabGroupFileIconProvider.resolveUncoloredPlatformIcon(SubtabGroupFileIconProvider.java:65)
    	at de.sasbe.subtabs.SubtabGroupIconTintCache.baseFileIcon(SubtabGroupIconTintCache.java:73)
    	at de.sasbe.subtabs.SubtabGroupIconTintCache.tintedFileIcon(SubtabGroupIconTintCache.java:42)
    	at de.sasbe.subtabs.SubtabGroupPsiIconProvider.getIcon(SubtabGroupPsiIconProvider.java:38)
    	at com.intellij.util.PsiIconUtil.getIconFromProviders(PsiIconUtil.kt:18)
    	at com.intellij.ide.PsiBasedFileIconProvider.getIcon(PsiBasedFileIconProvider.java:19)
    	at de.sasbe.subtabs.SubtabGroupFileIconProvider.resolveUncoloredPlatformIcon(SubtabGroupFileIconProvider.java:65)
    	at de.sasbe.subtabs.SubtabGroupIconTintCache.baseFileIcon(SubtabGroupIconTintCache.java:73)
    	at de.sasbe.subtabs.SubtabGroupIconTintCache.tintedFileIcon(SubtabGroupIconTintCache.java:42)
    	at de.sasbe.subtabs.SubtabGroupPsiIconProvider.getIcon(SubtabGroupPsiIconProvider.java:38)
    	at com.intellij.util.PsiIconUtil.getIconFromProviders(PsiIconUtil.kt:18)
    	at com.intellij.ide.PsiBasedFileIconProvider.getIcon(PsiBasedFileIconProvider.java:19)
    	at de.sasbe.subtabs.SubtabGroupFileIconProvider.resolveUncoloredPlatformIcon(SubtabGroupFileIconProvider.java:65)
    	at de.sasbe.subtabs.SubtabGroupIconTintCache.baseFileIcon(SubtabGroupIconTintCache.java:73)
    	at de.sasbe.subtabs.SubtabGroupIconTintCache.tintedFileIcon(SubtabGroupIconTintCache.java:42)
    	at de.sasbe.subtabs.SubtabGroupPsiIconProvider.getIcon(SubtabGroupPsiIconProvider.java:38)
    	at com.intellij.util.PsiIconUtil.getIconFromProviders(PsiIconUtil.kt:18)
    	at com.intellij.ide.PsiBasedFileIconProvider.getIcon(PsiBasedFileIconProvider.java:19)
    	at de.sasbe.subtabs.SubtabGroupFileIconProvider.resolveUncoloredPlatformIcon(SubtabGroupFileIconProvider.java:65)
    	at de.sasbe.subtabs.SubtabGroupIconTintCache.baseFileIcon(SubtabGroupIconTintCache.java:73)
    	at de.sasbe.subtabs.SubtabGroupIconTintCache.tintedFileIcon(SubtabGroupIconTintCache.java:42)
    	at de.sasbe.subtabs.SubtabGroupPsiIconProvider.getIcon(SubtabGroupPsiIconProvider.java:38)
    	at com.intellij.util.PsiIconUtil.getIconFromProviders(PsiIconUtil.kt:18)
    	at com.intellij.ide.PsiBasedFileIconProvider.getIcon(PsiBasedFileIconProvider.java:19)
    	at de.sasbe.subtabs.SubtabGroupFileIconProvider.resolveUncoloredPlatformIcon(SubtabGroupFileIconProvider.java:65)
    	at de.sasbe.subtabs.SubtabGroupIconTintCache.baseFileIcon(SubtabGroupIconTintCache.java:73)
    	at de.sasbe.subtabs.SubtabGroupIconTintCache.tintedFileIcon(SubtabGroupIconTintCache.java:42)
    	at de.sasbe.subtabs.SubtabGroupPsiIconProvider.getIcon(SubtabGroupPsiIconProvider.java:38)
    	at com.intellij.util.PsiIconUtil.getIconFromProviders(PsiIconUtil.kt:18)
    	at com.intellij.ide.PsiBasedFileIconProvider.getIcon(PsiBasedFileIconProvider.java:19)
    	at de.sasbe.subtabs.SubtabGroupFileIconProvider.resolveUncoloredPlatformIcon(SubtabGroupFileIconProvider.java:65)
    	at de.sasbe.subtabs.SubtabGroupIconTintCache.baseFileIcon(SubtabGroupIconTintCache.java:73)
    	at de.sasbe.subtabs.SubtabGroupIconTintCache.tintedFileIcon(SubtabGroupIconTintCache.java:42)
    	at de.sasbe.subtabs.SubtabGroupPsiIconProvider.getIcon(SubtabGroupPsiIconProvider.java:38)
    	at com.intellij.util.PsiIconUtil.getIconFromProviders(PsiIconUtil.kt:18)
    	at com.intellij.ide.PsiBasedFileIconProvider.getIcon(PsiBasedFileIconProvider.java:19)
    	at de.sasbe.subtabs.SubtabGroupFileIconProvider.resolveUncoloredPlatformIcon(SubtabGroupFileIconProvider.java:65)
    	at de.sasbe.subtabs.SubtabGroupIconTintCache.baseFileIcon(SubtabGroupIconTintCache.java:73)
    	at de.sasbe.subtabs.SubtabGroupIconTintCache.tintedFileIcon(SubtabGroupIconTintCache.java:42)
    	at de.sasbe.subtabs.SubtabGroupPsiIconProvider.getIcon(SubtabGroupPsiIconProvider.java:38)
    	at com.intellij.util.PsiIconUtil.getIconFromProviders(PsiIconUtil.kt:18)
    	at com.intellij.ide.PsiBasedFileIconProvider.getIcon(PsiBasedFileIconProvider.java:19)
    	at de.sasbe.subtabs.SubtabGroupFileIconProvider.resolveUncoloredPlatformIcon(SubtabGroupFileIconProvider.java:65)
    	at de.sasbe.subtabs.SubtabGroupIconTintCache.baseFileIcon(SubtabGroupIconTintCache.java:73)
    	at de.sasbe.subtabs.SubtabGroupIconTintCache.tintedFileIcon(SubtabGroupIconTintCache.java:42)
    	at de.sasbe.subtabs.SubtabGroupPsiIconProvider.getIcon(SubtabGroupPsiIconProvider.java:38)
    	at com.intellij.util.PsiIconUtil.getIconFromProviders(PsiIconUtil.kt:18)
    	at com.intellij.ide.PsiBasedFileIconProvider.getIcon(PsiBasedFileIconProvider.java:19)
    	at de.sasbe.subtabs.SubtabGroupFileIconProvider.resolveUncoloredPlatformIcon(SubtabGroupFileIconProvider.java:65)
    	at de.sasbe.subtabs.SubtabGroupIconTintCache.baseFileIcon(SubtabGroupIconTintCache.java:73)
    	at de.sasbe.subtabs.SubtabGroupIconTintCache.tintedFileIcon(SubtabGroupIconTintCache.java:42)
    	at de.sasbe.subtabs.SubtabGroupPsiIconProvider.getIcon(SubtabGroupPsiIconProvider.java:38)
    	at com.intellij.util.PsiIconUtil.getIconFromProviders(PsiIconUtil.kt:18)
    	at com.intellij.ide.PsiBasedFileIconProvider.getIcon(PsiBasedFileIconProvider.java:19)
    	at de.sasbe.subtabs.SubtabGroupFileIconProvider.resolveUncoloredPlatformIcon(SubtabGroupFileIconProvider.java:65)
    	at de.sasbe.subtabs.SubtabGroupIconTintCache.baseFileIcon(SubtabGroupIconTintCache.java:73)
    	at de.sasbe.subtabs.SubtabGroupIconTintCache.tintedFileIcon(SubtabGroupIconTintCache.java:42)
    	at de.sasbe.subtabs.SubtabGroupPsiIconProvider.getIcon(SubtabGroupPsiIconProvider.java:38)
    	at com.intellij.util.PsiIconUtil.getIconFromProviders(PsiIconUtil.kt:18)
    	at com.intellij.ide.PsiBasedFileIconProvider.getIcon(PsiBasedFileIconProvider.java:19)
    	at de.sasbe.subtabs.SubtabGroupFileIconProvider.resolveUncoloredPlatformIcon(SubtabGroupFileIconProvider.java:65)
    	at de.sasbe.subtabs.SubtabGroupIconTintCache.baseFileIcon(SubtabGroupIconTintCache.java:73)
    	at de.sasbe.subtabs.SubtabGroupIconTintCache.tintedFileIcon(SubtabGroupIconTintCache.java:42)
    	at de.sasbe.subtabs.SubtabGroupPsiIconProvider.getIcon(SubtabGroupPsiIconProvider.java:38)
    	at com.intellij.util.PsiIconUtil.getIconFromProviders(PsiIconUtil.kt:18)
    	at com.intellij.ide.PsiBasedFileIconProvider.getIcon(PsiBasedFileIconProvider.java:19)
    	at de.sasbe.subtabs.SubtabGroupFileIconProvider.resolveUncoloredPlatformIcon(SubtabGroupFileIconProvider.java:65)
    	at de.sasbe.subtabs.SubtabGroupIconTintCache.baseFileIcon(SubtabGroupIconTintCache.java:73)
    	at de.sasbe.subtabs.SubtabGroupIconTintCache.tintedFileIcon(SubtabGroupIconTintCache.java:42)
    	at de.sasbe.subtabs.SubtabGroupPsiIconProvider.getIcon(SubtabGroupPsiIconProvider.java:38)
    	at com.intellij.util.PsiIconUtil.getIconFromProviders(PsiIconUtil.kt:18)
    	at com.intellij.ide.PsiBasedFileIconProvider.getIcon(PsiBasedFileIconProvider.java:19)
    	at de.sasbe.subtabs.SubtabGroupFileIconProvider.resolveUncoloredPlatformIcon(SubtabGroupFileIconProvider.java:65)
    	at de.sasbe.subtabs.SubtabGroupIconTintCache.baseFileIcon(SubtabGroupIconTintCache.java:73)
    	at de.sasbe.subtabs.SubtabGroupIconTintCache.tintedFileIcon(SubtabGroupIconTintCache.java:42)
    	at de.sasbe.subtabs.SubtabGroupPsiIconProvider.getIcon(SubtabGroupPsiIconProvider.java:38)
    	at com.intellij.util.PsiIconUtil.getIconFromProviders(PsiIconUtil.kt:18)
    	at com.intellij.ide.PsiBasedFileIconProvider.getIcon(PsiBasedFileIconProvider.java:19)
    	at de.sasbe.subtabs.SubtabGroupFileIconProvider.resolveUncoloredPlatformIcon(SubtabGroupFileIconProvider.java:65)
    	at de.sasbe.subtabs.SubtabGroupIconTintCache.baseFileIcon(SubtabGroupIconTintCache.java:73)
    	at de.sasbe.subtabs.SubtabGroupIconTintCache.tintedFileIcon(SubtabGroupIconTintCache.java:42)
    	at de.sasbe.subtabs.SubtabGroupPsiIconProvider.getIcon(SubtabGroupPsiIconProvider.java:38)
    	at com.intellij.util.PsiIconUtil.getIconFromProviders(PsiIconUtil.kt:18)
    	at com.intellij.ide.PsiBasedFileIconProvider.getIcon(PsiBasedFileIconProvider.java:19)
    	at de.sasbe.subtabs.SubtabGroupFileIconProvider.resolveUncoloredPlatformIcon(SubtabGroupFileIconProvider.java:65)
    	at de.sasbe.subtabs.SubtabGroupIconTintCache.baseFileIcon(SubtabGroupIconTintCache.java:73)
    	at de.sasbe.subtabs.SubtabGroupIconTintCache.tintedFileIcon(SubtabGroupIconTintCache.java:42)
    	at de.sasbe.subtabs.SubtabGroupPsiIconProvider.getIcon(SubtabGroupPsiIconProvider.java:38)
    	at com.intellij.util.PsiIconUtil.getIconFromProviders(PsiIconUtil.kt:18)
    	at com.intellij.ide.PsiBasedFileIconProvider.getIcon(PsiBasedFileIconProvider.java:19)
    	at de.sasbe.subtabs.SubtabGroupFileIconProvider.resolveUncoloredPlatformIcon(SubtabGroupFileIconProvider.java:65)
    	at de.sasbe.subtabs.SubtabGroupIconTintCache.baseFileIcon(SubtabGroupIconTintCache.java:73)
    	at de.sasbe.subtabs.SubtabGroupIconTintCache.tintedFileIcon(SubtabGroupIconTintCache.java:42)
    	at de.sasbe.subtabs.SubtabGroupPsiIconProvider.getIcon(SubtabGroupPsiIconProvider.java:38)
    	at com.intellij.util.PsiIconUtil.getIconFromProviders(PsiIconUtil.kt:18)
    	at com.intellij.ide.PsiBasedFileIconProvider.getIcon(PsiBasedFileIconProvider.java:19)
    	at de.sasbe.subtabs.SubtabGroupFileIconProvider.resolveUncoloredPlatformIcon(SubtabGroupFileIconProvider.java:65)
    	at de.sasbe.subtabs.SubtabGroupIconTintCache.baseFileIcon(SubtabGroupIconTintCache.java:73)
    	at de.sasbe.subtabs.SubtabGroupIconTintCache.tintedFileIcon(SubtabGroupIconTintCache.java:42)
    	at de.sasbe.subtabs.SubtabGroupPsiIconProvider.getIcon(SubtabGroupPsiIconProvider.java:38)
    	at com.intellij.util.PsiIconUtil.getIconFromProviders(PsiIconUtil.kt:18)
    	at com.intellij.ide.PsiBasedFileIconProvider.getIcon(PsiBasedFileIconProvider.java:19)
    	at de.sasbe.subtabs.SubtabGroupFileIconProvider.resolveUncoloredPlatformIcon(SubtabGroupFileIconProvider.java:65)
    	at de.sasbe.subtabs.SubtabGroupIconTintCache.baseFileIcon(SubtabGroupIconTintCache.java:73)
    	at de.sasbe.subtabs.SubtabGroupIconTintCache.tintedFileIcon(SubtabGroupIconTintCache.java:42)
    	at de.sasbe.subtabs.SubtabGroupPsiIconProvider.getIcon(SubtabGroupPsiIconProvider.java:38)
    	at com.intellij.util.PsiIconUtil.getIconFromProviders(PsiIconUtil.kt:18)
    	at com.intellij.ide.PsiBasedFileIconProvider.getIcon(PsiBasedFileIconProvider.java:19)
    	at de.sasbe.subtabs.SubtabGroupFileIconProvider.resolveUncoloredPlatformIcon(SubtabGroupFileIconProvider.java:65)
    	at de.sasbe.subtabs.SubtabGroupIconTintCache.baseFileIcon(SubtabGroupIconTintCache.java:73)
    	at de.sasbe.subtabs.SubtabGroupIconTintCache.tintedFileIcon(SubtabGroupIconTintCache.java:42)
    	at de.sasbe.subtabs.SubtabGroupPsiIconProvider.getIcon(SubtabGroupPsiIconProvider.java:38)
    	at com.intellij.util.PsiIconUtil.getIconFromProviders(PsiIconUtil.kt:18)
    	at com.intellij.ide.PsiBasedFileIconProvider.getIcon(PsiBasedFileIconProvider.java:19)
    	at de.sasbe.subtabs.SubtabGroupFileIconProvider.resolveUncoloredPlatformIcon(SubtabGroupFileIconProvider.java:65)
    	at de.sasbe.subtabs.SubtabGroupIconTintCache.baseFileIcon(SubtabGroupIconTintCache.java:73)
    	at de.sasbe.subtabs.SubtabGroupIconTintCache.tintedFileIcon(SubtabGroupIconTintCache.java:42)
    	at de.sasbe.subtabs.SubtabGroupPsiIconProvider.getIcon(SubtabGroupPsiIconProvider.java:38)
    	at com.intellij.util.PsiIconUtil.getIconFromProviders(PsiIconUtil.kt:18)
    	at com.intellij.ide.PsiBasedFileIconProvider.getIcon(PsiBasedFileIconProvider.java:19)
    	at de.sasbe.subtabs.SubtabGroupFileIconProvider.resolveUncoloredPlatformIcon(SubtabGroupFileIconProvider.java:65)
    	at de.sasbe.subtabs.SubtabGroupIconTintCache.baseFileIcon(SubtabGroupIconTintCache.java:73)
    	at de.sasbe.subtabs.SubtabGroupIconTintCache.tintedFileIcon(SubtabGroupIconTintCache.java:42)
    	at de.sasbe.subtabs.SubtabGroupPsiIconProvider.getIcon(SubtabGroupPsiIconProvider.java:38)
    	at com.intellij.util.PsiIconUtil.getIconFromProviders(PsiIconUtil.kt:18)
    	at com.intellij.ide.PsiBasedFileIconProvider.getIcon(PsiBasedFileIconProvider.java:19)
    	at de.sasbe.subtabs.SubtabGroupFileIconProvider.resolveUncoloredPlatformIcon(SubtabGroupFileIconProvider.java:65)
    	at de.sasbe.subtabs.SubtabGroupIconTintCache.baseFileIcon(SubtabGroupIconTintCache.java:73)
    	at de.sasbe.subtabs.SubtabGroupIconTintCache.tintedFileIcon(SubtabGroupIconTintCache.java:42)
    	at de.sasbe.subtabs.SubtabGroupPsiIconProvider.getIcon(SubtabGroupPsiIconProvider.java:38)
    	at com.intellij.util.PsiIconUtil.getIconFromProviders(PsiIconUtil.kt:18)
    	at com.intellij.ide.PsiBasedFileIconProvider.getIcon(PsiBasedFileIconProvider.java:19)
    	at de.sasbe.subtabs.SubtabGroupFileIconProvider.resolveUncoloredPlatformIcon(SubtabGroupFileIconProvider.java:65)
    	at de.sasbe.subtabs.SubtabGroupIconTintCache.baseFileIcon(SubtabGroupIconTintCache.java:73)
    	at de.sasbe.subtabs.SubtabGroupIconTintCache.tintedFileIcon(SubtabGroupIconTintCache.java:42)
    	at de.sasbe.subtabs.SubtabGroupPsiIconProvider.getIcon(SubtabGroupPsiIconProvider.java:38)
    	at com.intellij.util.PsiIconUtil.getIconFromProviders(PsiIconUtil.kt:18)
    	at com.intellij.ide.PsiBasedFileIconProvider.getIcon(PsiBasedFileIconProvider.java:19)
    	at de.sasbe.subtabs.SubtabGroupFileIconProvider.resolveUncoloredPlatformIcon(SubtabGroupFileIconProvider.java:65)
    	at de.sasbe.subtabs.SubtabGroupIconTintCache.baseFileIcon(SubtabGroupIconTintCache.java:73)
    	at de.sasbe.subtabs.SubtabGroupIconTintCache.tintedFileIcon(SubtabGroupIconTintCache.java:42)
    	at de.sasbe.subtabs.SubtabGroupPsiIconProvider.getIcon(SubtabGroupPsiIconProvider.java:38)
    	at com.intellij.util.PsiIconUtil.getIconFromProviders(PsiIconUtil.kt:18)
    	at com.intellij.ide.PsiBasedFileIconProvider.getIcon(PsiBasedFileIconProvider.java:19)
    	at de.sasbe.subtabs.SubtabGroupFileIconProvider.resolveUncoloredPlatformIcon(SubtabGroupFileIconProvider.java:65)
    	at de.sasbe.subtabs.SubtabGroupIconTintCache.baseFileIcon(SubtabGroupIconTintCache.java:73)
    	at de.sasbe.subtabs.SubtabGroupIconTintCache.tintedFileIcon(SubtabGroupIconTintCache.java:42)
    	at de.sasbe.subtabs.SubtabGroupPsiIconProvider.getIcon(SubtabGroupPsiIconProvider.java:38)
    	at com.intellij.util.PsiIconUtil.getIconFromProviders(PsiIconUtil.kt:18)
    	at com.intellij.ide.PsiBasedFileIconProvider.getIcon(PsiBasedFileIconProvider.java:19)
    	at de.sasbe.subtabs.SubtabGroupFileIconProvider.resolveUncoloredPlatformIcon(SubtabGroupFileIconProvider.java:65)
    	at de.sasbe.subtabs.SubtabGroupIconTintCache.baseFileIcon(SubtabGroupIconTintCache.java:73)
    	at de.sasbe.subtabs.SubtabGroupIconTintCache.tintedFileIcon(SubtabGroupIconTintCache.java:42)
    	at de.sasbe.subtabs.SubtabGroupPsiIconProvider.getIcon(SubtabGroupPsiIconProvider.java:38)
    	at com.intellij.util.PsiIconUtil.getIconFromProviders(PsiIconUtil.kt:18)
    	at com.intellij.ide.PsiBasedFileIconProvider.getIcon(PsiBasedFileIconProvider.java:19)
    	at de.sasbe.subtabs.SubtabGroupFileIconProvider.resolveUncoloredPlatformIcon(SubtabGroupFileIconProvider.java:65)
    	at de.sasbe.subtabs.SubtabGroupIconTintCache.baseFileIcon(SubtabGroupIconTintCache.java:73)
    	at de.sasbe.subtabs.SubtabGroupIconTintCache.tintedFileIcon(SubtabGroupIconTintCache.java:42)
    	at de.sasbe.subtabs.SubtabGroupPsiIconProvider.getIcon(SubtabGroupPsiIconProvider.java:38)
    	at com.intellij.util.PsiIconUtil.getIconFromProviders(PsiIconUtil.kt:18)
    	at com.intellij.ide.PsiBasedFileIconProvider.getIcon(PsiBasedFileIconProvider.java:19)
    	at de.sasbe.subtabs.SubtabGroupFileIconProvider.resolveUncoloredPlatformIcon(SubtabGroupFileIconProvider.java:65)
    	at de.sasbe.subtabs.SubtabGroupIconTintCache.baseFileIcon(SubtabGroupIconTintCache.java:73)
    	at de.sasbe.subtabs.SubtabGroupIconTintCache.tintedFileIcon(SubtabGroupIconTintCache.java:42)
    	at de.sasbe.subtabs.SubtabGroupPsiIconProvider.getIcon(SubtabGroupPsiIconProvider.java:38)
    	at com.intellij.util.PsiIconUtil.getIconFromProviders(PsiIconUtil.kt:18)
    	at com.intellij.ide.PsiBasedFileIconProvider.getIcon(PsiBasedFileIconProvider.java:19)
    	at de.sasbe.subtabs.SubtabGroupFileIconProvider.resolveUncoloredPlatformIcon(SubtabGroupFileIconProvider.java:65)
    	at de.sasbe.subtabs.SubtabGroupIconTintCache.baseFileIcon(SubtabGroupIconTintCache.java:73)
    	at de.sasbe.subtabs.SubtabGroupIconTintCache.tintedFileIcon(SubtabGroupIconTintCache.java:42)
    	at de.sasbe.subtabs.SubtabGroupPsiIconProvider.getIcon(SubtabGroupPsiIconProvider.java:38)
    	at com.intellij.util.PsiIconUtil.getIconFromProviders(PsiIconUtil.kt:18)
    	at com.intellij.ide.PsiBasedFileIconProvider.getIcon(PsiBasedFileIconProvider.java:19)
    	at de.sasbe.subtabs.SubtabGroupFileIconProvider.resolveUncoloredPlatformIcon(SubtabGroupFileIconProvider.java:65)
    	at de.sasbe.subtabs.SubtabGroupIconTintCache.baseFileIcon(SubtabGroupIconTintCache.java:73)
    	at de.sasbe.subtabs.SubtabGroupIconTintCache.tintedFileIcon(SubtabGroupIconTintCache.java:42)
    	at de.sasbe.subtabs.SubtabGroupPsiIconProvider.getIcon(SubtabGroupPsiIconProvider.java:38)
    	at com.intellij.util.PsiIconUtil.getIconFromProviders(PsiIconUtil.kt:18)
    	at com.intellij.ide.PsiBasedFileIconProvider.getIcon(PsiBasedFileIconProvider.java:19)
    	at de.sasbe.subtabs.SubtabGroupFileIconProvider.resolveUncoloredPlatformIcon(SubtabGroupFileIconProvider.java:65)
    	at de.sasbe.subtabs.SubtabGroupIconTintCache.baseFileIcon(SubtabGroupIconTintCache.java:73)
    	at de.sasbe.subtabs.SubtabGroupIconTintCache.tintedFileIcon(SubtabGroupIconTintCache.java:42)
    	at de.sasbe.subtabs.SubtabGroupPsiIconProvider.getIcon(SubtabGroupPsiIconProvider.java:38)
    	at com.intellij.util.PsiIconUtil.getIconFromProviders(PsiIconUtil.kt:18)
    	at com.intellij.ide.PsiBasedFileIconProvider.getIcon(PsiBasedFileIconProvider.java:19)
    	at de.sasbe.subtabs.SubtabGroupFileIconProvider.resolveUncoloredPlatformIcon(SubtabGroupFileIconProvider.java:65)
    	at de.sasbe.subtabs.SubtabGroupIconTintCache.baseFileIcon(SubtabGroupIconTintCache.java:73)
    	at de.sasbe.subtabs.SubtabGroupIconTintCache.tintedFileIcon(SubtabGroupIconTintCache.java:42)
    	at de.sasbe.subtabs.SubtabGroupPsiIconProvider.getIcon(SubtabGroupPsiIconProvider.java:38)
    	at com.intellij.util.PsiIconUtil.getIconFromProviders(PsiIconUtil.kt:18)
    	at com.intellij.ide.PsiBasedFileIconProvider.getIcon(PsiBasedFileIconProvider.java:19)
    	at de.sasbe.subtabs.SubtabGroupFileIconProvider.resolveUncoloredPlatformIcon(SubtabGroupFileIconProvider.java:65)
    	at de.sasbe.subtabs.SubtabGroupIconTintCache.baseFileIcon(SubtabGroupIconTintCache.java:73)
    	at de.sasbe.subtabs.SubtabGroupIconTintCache.tintedFileIcon(SubtabGroupIconTintCache.java:42)
    	at de.sasbe.subtabs.SubtabGroupPsiIconProvider.getIcon(SubtabGroupPsiIconProvider.java:38)
    	at com.intellij.util.PsiIconUtil.getIconFromProviders(PsiIconUtil.kt:18)
    	at com.intellij.ide.PsiBasedFileIconProvider.getIcon(PsiBasedFileIconProvider.java:19)
    	at de.sasbe.subtabs.SubtabGroupFileIconProvider.resolveUncoloredPlatformIcon(SubtabGroupFileIconProvider.java:65)
    	at de.sasbe.subtabs.SubtabGroupIconTintCache.baseFileIcon(SubtabGroupIconTintCache.java:73)
    	at de.sasbe.subtabs.SubtabGroupIconTintCache.tintedFileIcon(SubtabGroupIconTintCache.java:42)
    	at de.sasbe.subtabs.SubtabGroupPsiIconProvider.getIcon(SubtabGroupPsiIconProvider.java:38)
    	at com.intellij.util.PsiIconUtil.getIconFromProviders(PsiIconUtil.kt:18)
    	at com.intellij.ide.PsiBasedFileIconProvider.getIcon(PsiBasedFileIconProvider.java:19)
    	at de.sasbe.subtabs.SubtabGroupFileIconProvider.resolveUncoloredPlatformIcon(SubtabGroupFileIconProvider.java:65)
    	at de.sasbe.subtabs.SubtabGroupIconTintCache.baseFileIcon(SubtabGroupIconTintCache.java:73)
    	at de.sasbe.subtabs.SubtabGroupIconTintCache.tintedFileIcon(SubtabGroupIconTintCache.java:42)
    	at de.sasbe.subtabs.SubtabGroupPsiIconProvider.getIcon(SubtabGroupPsiIconProvider.java:38)
    	at com.intellij.util.PsiIconUtil.getIconFromProviders(PsiIconUtil.kt:18)
    	at com.intellij.ide.PsiBasedFileIconProvider.getIcon(PsiBasedFileIconProvider.java:19)
    	at de.sasbe.subtabs.SubtabGroupFileIconProvider.resolveUncoloredPlatformIcon(SubtabGroupFileIconProvider.java:65)
    	at de.sasbe.subtabs.SubtabGroupIconTintCache.baseFileIcon(SubtabGroupIconTintCache.java:73)
    	at de.sasbe.subtabs.SubtabGroupIconTintCache.tintedFileIcon(SubtabGroupIconTintCache.java:42)
    	at de.sasbe.subtabs.SubtabGroupPsiIconProvider.getIcon(SubtabGroupPsiIconProvider.java:38)
    	at com.intellij.util.PsiIconUtil.getIconFromProviders(PsiIconUtil.kt:18)
    	at com.intellij.ide.PsiBasedFileIconProvider.getIcon(PsiBasedFileIconProvider.java:19)
    	at de.sasbe.subtabs.SubtabGroupFileIconProvider.resolveUncoloredPlatformIcon(SubtabGroupFileIconProvider.java:65)
    	at de.sasbe.subtabs.SubtabGroupIconTintCache.baseFileIcon(SubtabGroupIconTintCache.java:73)
    	at de.sasbe.subtabs.SubtabGroupIconTintCache.tintedFileIcon(SubtabGroupIconTintCache.java:42)
    	at de.sasbe.subtabs.SubtabGroupPsiIconProvider.getIcon(SubtabGroupPsiIconProvider.java:38)
    	at com.intellij.util.PsiIconUtil.getIconFromProviders(PsiIconUtil.kt:18)
    	at com.intellij.ide.PsiBasedFileIconProvider.getIcon(PsiBasedFileIconProvider.java:19)
    	at de.sasbe.subtabs.SubtabGroupFileIconProvider.resolveUncoloredPlatformIcon(SubtabGroupFileIconProvider.java:65)
    	at de.sasbe.subtabs.SubtabGroupIconTintCache.baseFileIcon(SubtabGroupIconTintCache.java:73)
    	at de.sasbe.subtabs.SubtabGroupIconTintCache.tintedFileIcon(SubtabGroupIconTintCache.java:42)
    	at de.sasbe.subtabs.SubtabGroupPsiIconProvider.getIcon(SubtabGroupPsiIconProvider.java:38)
    	at com.intellij.util.PsiIconUtil.getIconFromProviders(PsiIconUtil.kt:18)
    	at com.intellij.ide.PsiBasedFileIconProvider.getIcon(PsiBasedFileIconProvider.java:19)
    	at de.sasbe.subtabs.SubtabGroupFileIconProvider.resolveUncoloredPlatformIcon(SubtabGroupFileIconProvider.java:65)
    	at de.sasbe.subtabs.SubtabGroupIconTintCache.baseFileIcon(SubtabGroupIconTintCache.java:73)
    	at de.sasbe.subtabs.SubtabGroupIconTintCache.tintedFileIcon(SubtabGroupIconTintCache.java:42)
    	at de.sasbe.subtabs.SubtabGroupPsiIconProvider.getIcon(SubtabGroupPsiIconProvider.java:38)
    	at com.intellij.util.PsiIconUtil.getIconFromProviders(PsiIconUtil.kt:18)
    	at com.intellij.ide.PsiBasedFileIconProvider.getIcon(PsiBasedFileIconProvider.java:19)
    	at de.sasbe.subtabs.SubtabGroupFileIconProvider.resolveUncoloredPlatformIcon(SubtabGroupFileIconProvider.java:65)
    	at de.sasbe.subtabs.SubtabGroupIconTintCache.baseFileIcon(SubtabGroupIconTintCache.java:73)
    	at de.sasbe.subtabs.SubtabGroupIconTintCache.tintedFileIcon(SubtabGroupIconTintCache.java:42)
    	at de.sasbe.subtabs.SubtabGroupPsiIconProvider.getIcon(SubtabGroupPsiIconProvider.java:38)
    	at com.intellij.util.PsiIconUtil.getIconFromProviders(PsiIconUtil.kt:18)
    	at com.intellij.ide.PsiBasedFileIconProvider.getIcon(PsiBasedFileIconProvider.java:19)
    	at de.sasbe.subtabs.SubtabGroupFileIconProvider.resolveUncoloredPlatformIcon(SubtabGroupFileIconProvider.java:65)
    	at de.sasbe.subtabs.SubtabGroupIconTintCache.baseFileIcon(SubtabGroupIconTintCache.java:73)
    	at de.sasbe.subtabs.SubtabGroupIconTintCache.tintedFileIcon(SubtabGroupIconTintCache.java:42)
    	at de.sasbe.subtabs.SubtabGroupPsiIconProvider.getIcon(SubtabGroupPsiIconProvider.java:38)
    	at com.intellij.util.PsiIconUtil.getIconFromProviders(PsiIconUtil.kt:18)
    	at com.intellij.ide.PsiBasedFileIconProvider.getIcon(PsiBasedFileIconProvider.java:19)
    	at de.sasbe.subtabs.SubtabGroupFileIconProvider.resolveUncoloredPlatformIcon(SubtabGroupFileIconProvider.java:65)
    	at de.sasbe.subtabs.SubtabGroupIconTintCache.baseFileIcon(SubtabGroupIconTintCache.java:73)
    	at de.sasbe.subtabs.SubtabGroupIconTintCache.tintedFileIcon(SubtabGroupIconTintCache.java:42)
    	at de.sasbe.subtabs.SubtabGroupPsiIconProvider.getIcon(SubtabGroupPsiIconProvider.java:38)
    	at com.intellij.util.PsiIconUtil.getIconFromProviders(PsiIconUtil.kt:18)
    	at com.intellij.ide.PsiBasedFileIconProvider.getIcon(PsiBasedFileIconProvider.java:19)
    	at de.sasbe.subtabs.SubtabGroupFileIconProvider.resolveUncoloredPlatformIcon(SubtabGroupFileIconProvider.java:65)
    	at de.sasbe.subtabs.SubtabGroupIconTintCache.baseFileIcon(SubtabGroupIconTintCache.java:73)
    	at de.sasbe.subtabs.SubtabGroupIconTintCache.tintedFileIcon(SubtabGroupIconTintCache.java:42)
    	at de.sasbe.subtabs.SubtabGroupPsiIconProvider.getIcon(SubtabGroupPsiIconProvider.java:38)
    	at com.intellij.util.PsiIconUtil.getIconFromProviders(PsiIconUtil.kt:18)
    	at com.intellij.ide.PsiBasedFileIconProvider.getIcon(PsiBasedFileIconProvider.java:19)
    	at de.sasbe.subtabs.SubtabGroupFileIconProvider.resolveUncoloredPlatformIcon(SubtabGroupFileIconProvider.java:65)
    	at de.sasbe.subtabs.SubtabGroupIconTintCache.baseFileIcon(SubtabGroupIconTintCache.java:73)
    	at de.sasbe.subtabs.SubtabGroupIconTintCache.tintedFileIcon(SubtabGroupIconTintCache.java:42)
    	at de.sasbe.subtabs.SubtabGroupPsiIconProvider.getIcon(SubtabGroupPsiIconProvider.java:38)
    	at com.intellij.util.PsiIconUtil.getIconFromProviders(PsiIconUtil.kt:18)
    	at com.intellij.ide.PsiBasedFileIconProvider.getIcon(PsiBasedFileIconProvider.java:19)
    	at de.sasbe.subtabs.SubtabGroupFileIconProvider.resolveUncoloredPlatformIcon(SubtabGroupFileIconProvider.java:65)
    	at de.sasbe.subtabs.SubtabGroupIconTintCache.baseFileIcon(SubtabGroupIconTintCache.java:73)
    	at de.sasbe.subtabs.SubtabGroupIconTintCache.tintedFileIcon(SubtabGroupIconTintCache.java:42)
    	at de.sasbe.subtabs.SubtabGroupPsiIconProvider.getIcon(SubtabGroupPsiIconProvider.java:38)
    	at com.intellij.util.PsiIconUtil.getIconFromProviders(PsiIconUtil.kt:18)
    	at com.intellij.ide.PsiBasedFileIconProvider.getIcon(PsiBasedFileIconProvider.java:19)
    	at de.sasbe.subtabs.SubtabGroupFileIconProvider.resolveUncoloredPlatformIcon(SubtabGroupFileIconProvider.java:65)
    	at de.sasbe.subtabs.SubtabGroupIconTintCache.baseFileIcon(SubtabGroupIconTintCache.java:73)
    	at de.sasbe.subtabs.SubtabGroupIconTintCache.tintedFileIcon(SubtabGroupIconTintCache.java:42)
    	at de.sasbe.subtabs.SubtabGroupPsiIconProvider.getIcon(SubtabGroupPsiIconProvider.java:38)
    	at com.intellij.util.PsiIconUtil.getIconFromProviders(PsiIconUtil.kt:18)
    	at com.intellij.ide.PsiBasedFileIconProvider.getIcon(PsiBasedFileIconProvider.java:19)
    	at de.sasbe.subtabs.SubtabGroupFileIconProvider.resolveUncoloredPlatformIcon(SubtabGroupFileIconProvider.java:65)
    	at de.sasbe.subtabs.SubtabGroupIconTintCache.baseFileIcon(SubtabGroupIconTintCache.java:73)
    	at de.sasbe.subtabs.SubtabGroupIconTintCache.tintedFileIcon(SubtabGroupIconTintCache.java:42)
    	at de.sasbe.subtabs.SubtabGroupPsiIconProvider.getIcon(SubtabGroupPsiIconProvider.java:38)
    	at com.intellij.util.PsiIconUtil.getIconFromProviders(PsiIconUtil.kt:18)
    	at com.intellij.ide.PsiBasedFileIconProvider.getIcon(PsiBasedFileIconProvider.java:19)
    	at de.sasbe.subtabs.SubtabGroupFileIconProvider.resolveUncoloredPlatformIcon(SubtabGroupFileIconProvider.java:65)
    	at de.sasbe.subtabs.SubtabGroupIconTintCache.baseFileIcon(SubtabGroupIconTintCache.java:73)
    	at de.sasbe.subtabs.SubtabGroupIconTintCache.tintedFileIcon(SubtabGroupIconTintCache.java:42)
    	at de.sasbe.subtabs.SubtabGroupPsiIconProvider.getIcon(SubtabGroupPsiIconProvider.java:38)
    	at com.intellij.util.PsiIconUtil.getIconFromProviders(PsiIconUtil.kt:18)
    	at com.intellij.ide.PsiBasedFileIconProvider.getIcon(PsiBasedFileIconProvider.java:19)
    	at de.sasbe.subtabs.SubtabGroupFileIconProvider.resolveUncoloredPlatformIcon(SubtabGroupFileIconProvider.java:65)
    	at de.sasbe.subtabs.SubtabGroupIconTintCache.baseFileIcon(SubtabGroupIconTintCache.java:73)
    	at de.sasbe.subtabs.SubtabGroupIconTintCache.tintedFileIcon(SubtabGroupIconTintCache.java:42)
    	at de.sasbe.subtabs.SubtabGroupPsiIconProvider.getIcon(SubtabGroupPsiIconProvider.java:38)
    	at com.intellij.util.PsiIconUtil.getIconFromProviders(PsiIconUtil.kt:18)
    	at com.intellij.ide.PsiBasedFileIconProvider.getIcon(PsiBasedFileIconProvider.java:19)
    	at de.sasbe.subtabs.SubtabGroupFileIconProvider.resolveUncoloredPlatformIcon(SubtabGroupFileIconProvider.java:65)
    	at de.sasbe.subtabs.SubtabGroupIconTintCache.baseFileIcon(SubtabGroupIconTintCache.java:73)
    	at de.sasbe.subtabs.SubtabGroupIconTintCache.tintedFileIcon(SubtabGroupIconTintCache.java:42)
    	at de.sasbe.subtabs.SubtabGroupPsiIconProvider.getIcon(SubtabGroupPsiIconProvider.java:38)
    	at com.intellij.util.PsiIconUtil.getIconFromProviders(PsiIconUtil.kt:18)
    	at com.intellij.ide.PsiBasedFileIconProvider.getIcon(PsiBasedFileIconProvider.java:19)
    	at de.sasbe.subtabs.SubtabGroupFileIconProvider.resolveUncoloredPlatformIcon(SubtabGroupFileIconProvider.java:65)
    	at de.sasbe.subtabs.SubtabGroupIconTintCache.baseFileIcon(SubtabGroupIconTintCache.java:73)
    	at de.sasbe.subtabs.SubtabGroupIconTintCache.tintedFileIcon(SubtabGroupIconTintCache.java:42)
    	at de.sasbe.subtabs.SubtabGroupPsiIconProvider.getIcon(SubtabGroupPsiIconProvider.java:38)
    	at com.intellij.util.PsiIconUtil.getIconFromProviders(PsiIconUtil.kt:18)
    	at com.intellij.ide.PsiBasedFileIconProvider.getIcon(PsiBasedFileIconProvider.java:19)
    	at de.sasbe.subtabs.SubtabGroupFileIconProvider.resolveUncoloredPlatformIcon(SubtabGroupFileIconProvider.java:65)
    	at de.sasbe.subtabs.SubtabGroupIconTintCache.baseFileIcon(SubtabGroupIconTintCache.java:73)
    	at de.sasbe.subtabs.SubtabGroupIconTintCache.tintedFileIcon(SubtabGroupIconTintCache.java:42)
    	at de.sasbe.subtabs.SubtabGroupPsiIconProvider.getIcon(SubtabGroupPsiIconProvider.java:38)
    	at com.intellij.util.PsiIconUtil.getIconFromProviders(PsiIconUtil.kt:18)
    	at com.intellij.ide.PsiBasedFileIconProvider.getIcon(PsiBasedFileIconProvider.java:19)
    	at de.sasbe.subtabs.SubtabGroupFileIconProvider.resolveUncoloredPlatformIcon(SubtabGroupFileIconProvider.java:65)
    	at de.sasbe.subtabs.SubtabGroupIconTintCache.baseFileIcon(SubtabGroupIconTintCache.java:73)
    	at de.sasbe.subtabs.SubtabGroupIconTintCache.tintedFileIcon(SubtabGroupIconTintCache.java:42)
    	at de.sasbe.subtabs.SubtabGroupPsiIconProvider.getIcon(SubtabGroupPsiIconProvider.java:38)
    	at com.intellij.util.PsiIconUtil.getIconFromProviders(PsiIconUtil.kt:18)
    	at com.intellij.ide.PsiBasedFileIconProvider.getIcon(PsiBasedFileIconProvider.java:19)
    	at de.sasbe.subtabs.SubtabGroupFileIconProvider.resolveUncoloredPlatformIcon(SubtabGroupFileIconProvider.java:65)
    	at de.sasbe.subtabs.SubtabGroupIconTintCache.baseFileIcon(SubtabGroupIconTintCache.java:73)
    	at de.sasbe.subtabs.SubtabGroupIconTintCache.tintedFileIcon(SubtabGroupIconTintCache.java:42)
    	at de.sasbe.subtabs.SubtabGroupPsiIconProvider.getIcon(SubtabGroupPsiIconProvider.java:38)
    	at com.intellij.util.PsiIconUtil.getIconFromProviders(PsiIconUtil.kt:18)
    	at com.intellij.ide.PsiBasedFileIconProvider.getIcon(PsiBasedFileIconProvider.java:19)
    	at de.sasbe.subtabs.SubtabGroupFileIconProvider.resolveUncoloredPlatformIcon(SubtabGroupFileIconProvider.java:65)
    	at de.sasbe.subtabs.SubtabGroupIconTintCache.baseFileIcon(SubtabGroupIconTintCache.java:73)
    	at de.sasbe.subtabs.SubtabGroupIconTintCache.tintedFileIcon(SubtabGroupIconTintCache.java:42)
    	at de.sasbe.subtabs.SubtabGroupPsiIconProvider.getIcon(SubtabGroupPsiIconProvider.java:38)
    	at com.intellij.util.PsiIconUtil.getIconFromProviders(PsiIconUtil.kt:18)
    	at com.intellij.ide.PsiBasedFileIconProvider.getIcon(PsiBasedFileIconProvider.java:19)
    	at de.sasbe.subtabs.SubtabGroupFileIconProvider.resolveUncoloredPlatformIcon(SubtabGroupFileIconProvider.java:65)
    	at de.sasbe.subtabs.SubtabGroupIconTintCache.baseFileIcon(SubtabGroupIconTintCache.java:73)
    	at de.sasbe.subtabs.SubtabGroupIconTintCache.tintedFileIcon(SubtabGroupIconTintCache.java:42)
    	at de.sasbe.subtabs.SubtabGroupPsiIconProvider.getIcon(SubtabGroupPsiIconProvider.java:38)
    	at com.intellij.util.PsiIconUtil.getIconFromProviders(PsiIconUtil.kt:18)
    	at com.intellij.ide.PsiBasedFileIconProvider.getIcon(PsiBasedFileIconProvider.java:19)
    	at de.sasbe.subtabs.SubtabGroupFileIconProvider.resolveUncoloredPlatformIcon(SubtabGroupFileIconProvider.java:65)
    	at de.sasbe.subtabs.SubtabGroupIconTintCache.baseFileIcon(SubtabGroupIconTintCache.java:73)
    	at de.sasbe.subtabs.SubtabGroupIconTintCache.tintedFileIcon(SubtabGroupIconTintCache.java:42)
    	at de.sasbe.subtabs.SubtabGroupPsiIconProvider.getIcon(SubtabGroupPsiIconProvider.java:38)
    	at com.intellij.util.PsiIconUtil.getIconFromProviders(PsiIconUtil.kt:18)
    	at com.intellij.ide.PsiBasedFileIconProvider.getIcon(PsiBasedFileIconProvider.java:19)
    	at de.sasbe.subtabs.SubtabGroupFileIconProvider.resolveUncoloredPlatformIcon(SubtabGroupFileIconProvider.java:65)
    	at de.sasbe.subtabs.SubtabGroupIconTintCache.baseFileIcon(SubtabGroupIconTintCache.java:73)
    	at de.sasbe.subtabs.SubtabGroupIconTintCache.tintedFileIcon(SubtabGroupIconTintCache.java:42)
    	at de.sasbe.subtabs.SubtabGroupPsiIconProvider.getIcon(SubtabGroupPsiIconProvider.java:38)
    	at com.intellij.util.PsiIconUtil.getIconFromProviders(PsiIconUtil.kt:18)
    	at com.intellij.ide.PsiBasedFileIconProvider.getIcon(PsiBasedFileIconProvider.java:19)
    	at de.sasbe.subtabs.SubtabGroupFileIconProvider.resolveUncoloredPlatformIcon(SubtabGroupFileIconProvider.java:65)
    	at de.sasbe.subtabs.SubtabGroupIconTintCache.baseFileIcon(SubtabGroupIconTintCache.java:73)
    	at de.sasbe.subtabs.SubtabGroupIconTintCache.tintedFileIcon(SubtabGroupIconTintCache.java:42)
    	at de.sasbe.subtabs.SubtabGroupPsiIconProvider.getIcon(SubtabGroupPsiIconProvider.java:38)
    	at com.intellij.util.PsiIconUtil.getIconFromProviders(PsiIconUtil.kt:18)
    	at com.intellij.ide.PsiBasedFileIconProvider.getIcon(PsiBasedFileIconProvider.java:19)
    	at de.sasbe.subtabs.SubtabGroupFileIconProvider.resolveUncoloredPlatformIcon(SubtabGroupFileIconProvider.java:65)
    	at de.sasbe.subtabs.SubtabGroupIconTintCache.baseFileIcon(SubtabGroupIconTintCache.java:73)
    	at de.sasbe.subtabs.SubtabGroupIconTintCache.tintedFileIcon(SubtabGroupIconTintCache.java:42)
    	at de.sasbe.subtabs.SubtabGroupPsiIconProvider.getIcon(SubtabGroupPsiIconProvider.java:38)
    	at com.intellij.util.PsiIconUtil.getIconFromProviders(PsiIconUtil.kt:18)
    	at com.intellij.ide.PsiBasedFileIconProvider.getIcon(PsiBasedFileIconProvider.java:19)
    	at de.sasbe.subtabs.SubtabGroupFileIconProvider.resolveUncoloredPlatformIcon(SubtabGroupFileIconProvider.java:65)
    	at de.sasbe.subtabs.SubtabGroupIconTintCache.baseFileIcon(SubtabGroupIconTintCache.java:73)
    	at de.sasbe.subtabs.SubtabGroupIconTintCache.tintedFileIcon(SubtabGroupIconTintCache.java:42)
    	at de.sasbe.subtabs.SubtabGroupPsiIconProvider.getIcon(SubtabGroupPsiIconProvider.java:38)
    	at com.intellij.util.PsiIconUtil.getIconFromProviders(PsiIconUtil.kt:18)
    	at com.intellij.ide.PsiBasedFileIconProvider.getIcon(PsiBasedFileIconProvider.java:19)
    	at de.sasbe.subtabs.SubtabGroupFileIconProvider.resolveUncoloredPlatformIcon(SubtabGroupFileIconProvider.java:65)
    	at de.sasbe.subtabs.SubtabGroupIconTintCache.baseFileIcon(SubtabGroupIconTintCache.java:73)
    	at de.sasbe.subtabs.SubtabGroupIconTintCache.tintedFileIcon(SubtabGroupIconTintCache.java:42)
    	at de.sasbe.subtabs.SubtabGroupPsiIconProvider.getIcon(SubtabGroupPsiIconProvider.java:38)
    	at com.intellij.util.PsiIconUtil.getIconFromProviders(PsiIconUtil.kt:18)
    	at com.intellij.ide.PsiBasedFileIconProvider.getIcon(PsiBasedFileIconProvider.java:19)
    	at de.sasbe.subtabs.SubtabGroupFileIconProvider.resolveUncoloredPlatformIcon(SubtabGroupFileIconProvider.java:65)
    	at de.sasbe.subtabs.SubtabGroupIconTintCache.baseFileIcon(SubtabGroupIconTintCache.java:73)
    	at de.sasbe.subtabs.SubtabGroupIconTintCache.tintedFileIcon(SubtabGroupIconTintCache.java:42)
    	at de.sasbe.subtabs.SubtabGroupPsiIconProvider.getIcon(SubtabGroupPsiIconProvider.java:38)
    	at com.intellij.util.PsiIconUtil.getIconFromProviders(PsiIconUtil.kt:18)
    	at com.intellij.ide.PsiBasedFileIconProvider.getIcon(PsiBasedFileIconProvider.java:19)
    	at de.sasbe.subtabs.SubtabGroupFileIconProvider.resolveUncoloredPlatformIcon(SubtabGroupFileIconProvider.java:65)
    	at de.sasbe.subtabs.SubtabGroupIconTintCache.baseFileIcon(SubtabGroupIconTintCache.java:73)
    	at de.sasbe.subtabs.SubtabGroupIconTintCache.tintedFileIcon(SubtabGroupIconTintCache.java:42)
    	at de.sasbe.subtabs.SubtabGroupPsiIconProvider.getIcon(SubtabGroupPsiIconProvider.java:38)
    	at com.intellij.util.PsiIconUtil.getIconFromProviders(PsiIconUtil.kt:18)
    	at com.intellij.ide.PsiBasedFileIconProvider.getIcon(PsiBasedFileIconProvider.java:19)
    	at de.sasbe.subtabs.SubtabGroupFileIconProvider.resolveUncoloredPlatformIcon(SubtabGroupFileIconProvider.java:65)
    	at de.sasbe.subtabs.SubtabGroupIconTintCache.baseFileIcon(SubtabGroupIconTintCache.java:73)
    	at de.sasbe.subtabs.SubtabGroupIconTintCache.tintedFileIcon(SubtabGroupIconTintCache.java:42)
    	at de.sasbe.subtabs.SubtabGroupPsiIconProvider.getIcon(SubtabGroupPsiIconProvider.java:38)
    	at com.intellij.util.PsiIconUtil.getIconFromProviders(PsiIconUtil.kt:18)
    	at com.intellij.ide.PsiBasedFileIconProvider.getIcon(PsiBasedFileIconProvider.java:19)
    	at de.sasbe.subtabs.SubtabGroupFileIconProvider.resolveUncoloredPlatformIcon(SubtabGroupFileIconProvider.java:65)
    	at de.sasbe.subtabs.SubtabGroupIconTintCache.baseFileIcon(SubtabGroupIconTintCache.java:73)
    	at de.sasbe.subtabs.SubtabGroupIconTintCache.tintedFileIcon(SubtabGroupIconTintCache.java:42)
    	at de.sasbe.subtabs.SubtabGroupPsiIconProvider.getIcon(SubtabGroupPsiIconProvider.java:38)
    	at com.intellij.util.PsiIconUtil.getIconFromProviders(PsiIconUtil.kt:18)
    	at com.intellij.ide.PsiBasedFileIconProvider.getIcon(PsiBasedFileIconProvider.java:19)
    	at de.sasbe.subtabs.SubtabGroupFileIconProvider.resolveUncoloredPlatformIcon(SubtabGroupFileIconProvider.java:65)
    	at de.sasbe.subtabs.SubtabGroupIconTintCache.baseFileIcon(SubtabGroupIconTintCache.java:73)
    	at de.sasbe.subtabs.SubtabGroupIconTintCache.tintedFileIcon(SubtabGroupIconTintCache.java:42)
    	at de.sasbe.subtabs.SubtabGroupPsiIconProvider.getIcon(SubtabGroupPsiIconProvider.java:38)
    	at com.intellij.util.PsiIconUtil.getIconFromProviders(PsiIconUtil.kt:18)
    	at com.intellij.ide.PsiBasedFileIconProvider.getIcon(PsiBasedFileIconProvider.java:19)
    	at de.sasbe.subtabs.SubtabGroupFileIconProvider.resolveUncoloredPlatformIcon(SubtabGroupFileIconProvider.java:65)
    	at de.sasbe.subtabs.SubtabGroupIconTintCache.baseFileIcon(SubtabGroupIconTintCache.java:73)
    	at de.sasbe.subtabs.SubtabGroupIconTintCache.tintedFileIcon(SubtabGroupIconTintCache.java:42)
    	at de.sasbe.subtabs.SubtabGroupPsiIconProvider.getIcon(SubtabGroupPsiIconProvider.java:38)
    	at com.intellij.util.PsiIconUtil.getIconFromProviders(PsiIconUtil.kt:18)
    	at com.intellij.ide.PsiBasedFileIconProvider.getIcon(PsiBasedFileIconProvider.java:19)
    	at de.sasbe.subtabs.SubtabGroupFileIconProvider.resolveUncoloredPlatformIcon(SubtabGroupFileIconProvider.java:65)
    	at de.sasbe.subtabs.SubtabGroupIconTintCache.baseFileIcon(SubtabGroupIconTintCache.java:73)
    	at de.sasbe.subtabs.SubtabGroupIconTintCache.tintedFileIcon(SubtabGroupIconTintCache.java:42)
    	at de.sasbe.subtabs.SubtabGroupPsiIconProvider.getIcon(SubtabGroupPsiIconProvider.java:38)
    	at com.intellij.util.PsiIconUtil.getIconFromProviders(PsiIconUtil.kt:18)
    	at com.intellij.ide.PsiBasedFileIconProvider.getIcon(PsiBasedFileIconProvider.java:19)
    	at de.sasbe.subtabs.SubtabGroupFileIconProvider.resolveUncoloredPlatformIcon(SubtabGroupFileIconProvider.java:65)
    	at de.sasbe.subtabs.SubtabGroupIconTintCache.baseFileIcon(SubtabGroupIconTintCache.java:73)
    	at de.sasbe.subtabs.SubtabGroupIconTintCache.tintedFileIcon(SubtabGroupIconTintCache.java:42)
    	at de.sasbe.subtabs.SubtabGroupPsiIconProvider.getIcon(SubtabGroupPsiIconProvider.java:38)
    	at com.intellij.util.PsiIconUtil.getIconFromProviders(PsiIconUtil.kt:18)
    	at com.intellij.ide.PsiBasedFileIconProvider.getIcon(PsiBasedFileIconProvider.java:19)
    	at de.sasbe.subtabs.SubtabGroupFileIconProvider.resolveUncoloredPlatformIcon(SubtabGroupFileIconProvider.java:65)
    	at de.sasbe.subtabs.SubtabGroupIconTintCache.baseFileIcon(SubtabGroupIconTintCache.java:73)
    	at de.sasbe.subtabs.SubtabGroupIconTintCache.tintedFileIcon(SubtabGroupIconTintCache.java:42)
    	at de.sasbe.subtabs.SubtabGroupPsiIconProvider.getIcon(SubtabGroupPsiIconProvider.java:38)
    	at com.intellij.util.PsiIconUtil.getIconFromProviders(PsiIconUtil.kt:18)
    	at com.intellij.ide.PsiBasedFileIconProvider.getIcon(PsiBasedFileIconProvider.java:19)
    	at de.sasbe.subtabs.SubtabGroupFileIconProvider.resolveUncoloredPlatformIcon(SubtabGroupFileIconProvider.java:65)
    	at de.sasbe.subtabs.SubtabGroupIconTintCache.baseFileIcon(SubtabGroupIconTintCache.java:73)
    	at de.sasbe.subtabs.SubtabGroupIconTintCache.tintedFileIcon(SubtabGroupIconTintCache.java:42)
    	at de.sasbe.subtabs.SubtabGroupPsiIconProvider.getIcon(SubtabGroupPsiIconProvider.java:38)
    	at com.intellij.util.PsiIconUtil.getIconFromProviders(PsiIconUtil.kt:18)
    	at com.intellij.ide.PsiBasedFileIconProvider.getIcon(PsiBasedFileIconProvider.java:19)
    	at de.sasbe.subtabs.SubtabGroupFileIconProvider.resolveUncoloredPlatformIcon(SubtabGroupFileIconProvider.java:65)
    	at de.sasbe.subtabs.SubtabGroupIconTintCache.baseFileIcon(SubtabGroupIconTintCache.java:73)
    	at de.sasbe.subtabs.SubtabGroupIconTintCache.tintedFileIcon(SubtabGroupIconTintCache.java:42)
    	at de.sasbe.subtabs.SubtabGroupPsiIconProvider.getIcon(SubtabGroupPsiIconProvider.java:38)
    	at com.intellij.util.PsiIconUtil.getIconFromProviders(PsiIconUtil.kt:18)
    	at com.intellij.ide.PsiBasedFileIconProvider.getIcon(PsiBasedFileIconProvider.java:19)
    	at de.sasbe.subtabs.SubtabGroupFileIconProvider.resolveUncoloredPlatformIcon(SubtabGroupFileIconProvider.java:65)
    	at de.sasbe.subtabs.SubtabGroupIconTintCache.baseFileIcon(SubtabGroupIconTintCache.java:73)
    	at de.sasbe.subtabs.SubtabGroupIconTintCache.tintedFileIcon(SubtabGroupIconTintCache.java:42)
    	at de.sasbe.subtabs.SubtabGroupPsiIconProvider.getIcon(SubtabGroupPsiIconProvider.java:38)
    	at com.intellij.util.PsiIconUtil.getIconFromProviders(PsiIconUtil.kt:18)
    	at com.intellij.ide.PsiBasedFileIconProvider.getIcon(PsiBasedFileIconProvider.java:19)
    	at de.sasbe.subtabs.SubtabGroupFileIconProvider.resolveUncoloredPlatformIcon(SubtabGroupFileIconProvider.java:65)
    	at de.sasbe.subtabs.SubtabGroupIconTintCache.baseFileIcon(SubtabGroupIconTintCache.java:73)
    	at de.sasbe.subtabs.SubtabGroupIconTintCache.tintedFileIcon(SubtabGroupIconTintCache.java:42)
    	at de.sasbe.subtabs.SubtabGroupPsiIconProvider.getIcon(SubtabGroupPsiIconProvider.java:38)
    	at com.intellij.util.PsiIconUtil.getIconFromProviders(PsiIconUtil.kt:18)
    	at com.intellij.ide.PsiBasedFileIconProvider.getIcon(PsiBasedFileIconProvider.java:19)
    	at de.sasbe.subtabs.SubtabGroupFileIconProvider.resolveUncoloredPlatformIcon(SubtabGroupFileIconProvider.java:65)
    	at de.sasbe.subtabs.SubtabGroupIconTintCache.baseFileIcon(SubtabGroupIconTintCache.java:73)
    	at de.sasbe.subtabs.SubtabGroupIconTintCache.tintedFileIcon(SubtabGroupIconTintCache.java:42)
    	at de.sasbe.subtabs.SubtabGroupPsiIconProvider.getIcon(SubtabGroupPsiIconProvider.java:38)
    	at com.intellij.util.PsiIconUtil.getIconFromProviders(PsiIconUtil.kt:18)
    	at com.intellij.ide.PsiBasedFileIconProvider.getIcon(PsiBasedFileIconProvider.java:19)
    	at de.sasbe.subtabs.SubtabGroupFileIconProvider.resolveUncoloredPlatformIcon(SubtabGroupFileIconProvider.java:65)
    	at de.sasbe.subtabs.SubtabGroupIconTintCache.baseFileIcon(SubtabGroupIconTintCache.java:73)
    	at de.sasbe.subtabs.SubtabGroupIconTintCache.tintedFileIcon(SubtabGroupIconTintCache.java:42)
    	at de.sasbe.subtabs.SubtabGroupPsiIconProvider.getIcon(SubtabGroupPsiIconProvider.java:38)
    	at com.intellij.util.PsiIconUtil.getIconFromProviders(PsiIconUtil.kt:18)
    	at com.intellij.ide.PsiBasedFileIconProvider.getIcon(PsiBasedFileIconProvider.java:19)
    	at de.sasbe.subtabs.SubtabGroupFileIconProvider.resolveUncoloredPlatformIcon(SubtabGroupFileIconProvider.java:65)
    	at de.sasbe.subtabs.SubtabGroupIconTintCache.baseFileIcon(SubtabGroupIconTintCache.java:73)
    	at de.sasbe.subtabs.SubtabGroupIconTintCache.tintedFileIcon(SubtabGroupIconTintCache.java:42)
    	at de.sasbe.subtabs.SubtabGroupPsiIconProvider.getIcon(SubtabGroupPsiIconProvider.java:38)
    	at com.intellij.util.PsiIconUtil.getIconFromProviders(PsiIconUtil.kt:18)
    	at com.intellij.ide.PsiBasedFileIconProvider.getIcon(PsiBasedFileIconProvider.java:19)
    	at de.sasbe.subtabs.SubtabGroupFileIconProvider.resolveUncoloredPlatformIcon(SubtabGroupFileIconProvider.java:65)
    	at de.sasbe.subtabs.SubtabGroupIconTintCache.baseFileIcon(SubtabGroupIconTintCache.java:73)
    	at de.sasbe.subtabs.SubtabGroupIconTintCache.tintedFileIcon(SubtabGroupIconTintCache.java:42)
    	at de.sasbe.subtabs.SubtabGroupPsiIconProvider.getIcon(SubtabGroupPsiIconProvider.java:38)
    	at com.intellij.util.PsiIconUtil.getIconFromProviders(PsiIconUtil.kt:18)
    	at com.intellij.ide.PsiBasedFileIconProvider.getIcon(PsiBasedFileIconProvider.java:19)
    	at de.sasbe.subtabs.SubtabGroupFileIconProvider.resolveUncoloredPlatformIcon(SubtabGroupFileIconProvider.java:65)
    	at de.sasbe.subtabs.SubtabGroupIconTintCache.baseFileIcon(SubtabGroupIconTintCache.java:73)
    	at de.sasbe.subtabs.SubtabGroupIconTintCache.tintedFileIcon(SubtabGroupIconTintCache.java:42)
    	at de.sasbe.subtabs.SubtabGroupPsiIconProvider.getIcon(SubtabGroupPsiIconProvider.java:38)
    	at com.intellij.util.PsiIconUtil.getIconFromProviders(PsiIconUtil.kt:18)
    	at com.intellij.ide.PsiBasedFileIconProvider.getIcon(PsiBasedFileIconProvider.java:19)
    	at de.sasbe.subtabs.SubtabGroupFileIconProvider.resolveUncoloredPlatformIcon(SubtabGroupFileIconProvider.java:65)
    	at de.sasbe.subtabs.SubtabGroupIconTintCache.baseFileIcon(SubtabGroupIconTintCache.java:73)
    	at de.sasbe.subtabs.SubtabGroupIconTintCache.tintedFileIcon(SubtabGroupIconTintCache.java:42)
    	at de.sasbe.subtabs.SubtabGroupPsiIconProvider.getIcon(SubtabGroupPsiIconProvider.java:38)
    	at com.intellij.util.PsiIconUtil.getIconFromProviders(PsiIconUtil.kt:18)
    	at com.intellij.ide.PsiBasedFileIconProvider.getIcon(PsiBasedFileIconProvider.java:19)
    	at de.sasbe.subtabs.SubtabGroupFileIconProvider.resolveUncoloredPlatformIcon(SubtabGroupFileIconProvider.java:65)
    	at de.sasbe.subtabs.SubtabGroupIconTintCache.baseFileIcon(SubtabGroupIconTintCache.java:73)
    	at de.sasbe.subtabs.SubtabGroupIconTintCache.tintedFileIcon(SubtabGroupIconTintCache.java:42)
    	at de.sasbe.subtabs.SubtabGroupPsiIconProvider.getIcon(SubtabGroupPsiIconProvider.java:38)
    	at com.intellij.util.PsiIconUtil.getIconFromProviders(PsiIconUtil.kt:18)
    	at com.intellij.ide.PsiBasedFileIconProvider.getIcon(PsiBasedFileIconProvider.java:19)
    	at de.sasbe.subtabs.SubtabGroupFileIconProvider.resolveUncoloredPlatformIcon(SubtabGroupFileIconProvider.java:65)
    	at de.sasbe.subtabs.SubtabGroupIconTintCache.baseFileIcon(SubtabGroupIconTintCache.java:73)
    	at de.sasbe.subtabs.SubtabGroupIconTintCache.tintedFileIcon(SubtabGroupIconTintCache.java:42)
    	at de.sasbe.subtabs.SubtabGroupPsiIconProvider.getIcon(SubtabGroupPsiIconProvider.java:38)
    	at com.intellij.util.PsiIconUtil.getIconFromProviders(PsiIconUtil.kt:18)
    	at com.intellij.ide.PsiBasedFileIconProvider.getIcon(PsiBasedFileIconProvider.java:19)
    	at de.sasbe.subtabs.SubtabGroupFileIconProvider.resolveUncoloredPlatformIcon(SubtabGroupFileIconProvider.java:65)
    	at de.sasbe.subtabs.SubtabGroupIconTintCache.baseFileIcon(SubtabGroupIconTintCache.java:73)
    	at de.sasbe.subtabs.SubtabGroupIconTintCache.tintedFileIcon(SubtabGroupIconTintCache.java:42)
    	at de.sasbe.subtabs.SubtabGroupPsiIconProvider.getIcon(SubtabGroupPsiIconProvider.java:38)
    	at com.intellij.util.PsiIconUtil.getIconFromProviders(PsiIconUtil.kt:18)
    	at com.intellij.ide.PsiBasedFileIconProvider.getIcon(PsiBasedFileIconProvider.java:19)
    	at de.sasbe.subtabs.SubtabGroupFileIconProvider.resolveUncoloredPlatformIcon(SubtabGroupFileIconProvider.java:65)
    	at de.sasbe.subtabs.SubtabGroupIconTintCache.baseFileIcon(SubtabGroupIconTintCache.java:73)
    	at de.sasbe.subtabs.SubtabGroupIconTintCache.tintedFileIcon(SubtabGroupIconTintCache.java:42)
    	at de.sasbe.subtabs.SubtabGroupPsiIconProvider.getIcon(SubtabGroupPsiIconProvider.java:38)
    	at com.intellij.util.PsiIconUtil.getIconFromProviders(PsiIconUtil.kt:18)
    	at com.intellij.ide.PsiBasedFileIconProvider.getIcon(PsiBasedFileIconProvider.java:19)
    	at de.sasbe.subtabs.SubtabGroupFileIconProvider.resolveUncoloredPlatformIcon(SubtabGroupFileIconProvider.java:65)
    	at de.sasbe.subtabs.SubtabGroupIconTintCache.baseFileIcon(SubtabGroupIconTintCache.java:73)
    	at de.sasbe.subtabs.SubtabGroupIconTintCache.tintedFileIcon(SubtabGroupIconTintCache.java:42)
    	at de.sasbe.subtabs.SubtabGroupPsiIconProvider.getIcon(SubtabGroupPsiIconProvider.java:38)
    	at com.intellij.util.PsiIconUtil.getIconFromProviders(PsiIconUtil.kt:18)
    	at com.intellij.ide.PsiBasedFileIconProvider.getIcon(PsiBasedFileIconProvider.java:19)
    	at de.sasbe.subtabs.SubtabGroupFileIconProvider.resolveUncoloredPlatformIcon(SubtabGroupFileIconProvider.java:65)
    	at de.sasbe.subtabs.SubtabGroupIconTintCache.baseFileIcon(SubtabGroupIconTintCache.java:73)
    	at de.sasbe.subtabs.SubtabGroupIconTintCache.tintedFileIcon(SubtabGroupIconTintCache.java:42)
    	at de.sasbe.subtabs.SubtabGroupPsiIconProvider.getIcon(SubtabGroupPsiIconProvider.java:38)
    	at com.intellij.util.PsiIconUtil.getIconFromProviders(PsiIconUtil.kt:18)
    	at com.intellij.ide.PsiBasedFileIconProvider.getIcon(PsiBasedFileIconProvider.java:19)
    	at de.sasbe.subtabs.SubtabGroupFileIconProvider.resolveUncoloredPlatformIcon(SubtabGroupFileIconProvider.java:65)
    	at de.sasbe.subtabs.SubtabGroupIconTintCache.baseFileIcon(SubtabGroupIconTintCache.java:73)
    	at de.sasbe.subtabs.SubtabGroupIconTintCache.tintedFileIcon(SubtabGroupIconTintCache.java:42)
    	at de.sasbe.subtabs.SubtabGroupPsiIconProvider.getIcon(SubtabGroupPsiIconProvider.java:38)
    	at com.intellij.util.PsiIconUtil.getIconFromProviders(PsiIconUtil.kt:18)
    	at com.intellij.ide.PsiBasedFileIconProvider.getIcon(PsiBasedFileIconProvider.java:19)
    	at de.sasbe.subtabs.SubtabGroupFileIconProvider.resolveUncoloredPlatformIcon(SubtabGroupFileIconProvider.java:65)
    	at de.sasbe.subtabs.SubtabGroupIconTintCache.baseFileIcon(SubtabGroupIconTintCache.java:73)
    	at de.sasbe.subtabs.SubtabGroupIconTintCache.tintedFileIcon(SubtabGroupIconTintCache.java:42)
    	at de.sasbe.subtabs.SubtabGroupPsiIconProvider.getIcon(SubtabGroupPsiIconProvider.java:38)
    	at com.intellij.util.PsiIconUtil.getIconFromProviders(PsiIconUtil.kt:18)
    	at com.intellij.ide.PsiBasedFileIconProvider.getIcon(PsiBasedFileIconProvider.java:19)
    	at de.sasbe.subtabs.SubtabGroupFileIconProvider.resolveUncoloredPlatformIcon(SubtabGroupFileIconProvider.java:65)
    	at de.sasbe.subtabs.SubtabGroupIconTintCache.baseFileIcon(SubtabGroupIconTintCache.java:73)
    	at de.sasbe.subtabs.SubtabGroupIconTintCache.tintedFileIcon(SubtabGroupIconTintCache.java:42)
    	at de.sasbe.subtabs.SubtabGroupPsiIconProvider.getIcon(SubtabGroupPsiIconProvider.java:38)
    	at com.intellij.util.PsiIconUtil.getIconFromProviders(PsiIconUtil.kt:18)
    	at com.intellij.ide.PsiBasedFileIconProvider.getIcon(PsiBasedFileIconProvider.java:19)
    	at de.sasbe.subtabs.SubtabGroupFileIconProvider.resolveUncoloredPlatformIcon(SubtabGroupFileIconProvider.java:65)
    	at de.sasbe.subtabs.SubtabGroupIconTintCache.baseFileIcon(SubtabGroupIconTintCache.java:73)
    	at de.sasbe.subtabs.SubtabGroupIconTintCache.tintedFileIcon(SubtabGroupIconTintCache.java:42)
    	at de.sasbe.subtabs.SubtabGroupPsiIconProvider.getIcon(SubtabGroupPsiIconProvider.java:38)
    	at com.intellij.util.PsiIconUtil.getIconFromProviders(PsiIconUtil.kt:18)
    	at com.intellij.ide.PsiBasedFileIconProvider.getIcon(PsiBasedFileIconProvider.java:19)
    	at de.sasbe.subtabs.SubtabGroupFileIconProvider.resolveUncoloredPlatformIcon(SubtabGroupFileIconProvider.java:65)
    	at de.sasbe.subtabs.SubtabGroupIconTintCache.baseFileIcon(SubtabGroupIconTintCache.java:73)
    	at de.sasbe.subtabs.SubtabGroupIconTintCache.tintedFileIcon(SubtabGroupIconTintCache.java:42)
    	at de.sasbe.subtabs.SubtabGroupPsiIconProvider.getIcon(SubtabGroupPsiIconProvider.java:38)
    	at com.intellij.util.PsiIconUtil.getIconFromProviders(PsiIconUtil.kt:18)
    	at com.intellij.ide.PsiBasedFileIconProvider.getIcon(PsiBasedFileIconProvider.java:19)
    	at de.sasbe.subtabs.SubtabGroupFileIconProvider.resolveUncoloredPlatformIcon(SubtabGroupFileIconProvider.java:65)
    	at de.sasbe.subtabs.SubtabGroupIconTintCache.baseFileIcon(SubtabGroupIconTintCache.java:73)
    	at de.sasbe.subtabs.SubtabGroupIconTintCache.tintedFileIcon(SubtabGroupIconTintCache.java:42)
    	at de.sasbe.subtabs.SubtabGroupPsiIconProvider.getIcon(SubtabGroupPsiIconProvider.java:38)
    	at com.intellij.util.PsiIconUtil.getIconFromProviders(PsiIconUtil.kt:18)
    	at com.intellij.ide.PsiBasedFileIconProvider.getIcon(PsiBasedFileIconProvider.java:19)
    	at de.sasbe.subtabs.SubtabGroupFileIconProvider.resolveUncoloredPlatformIcon(SubtabGroupFileIconProvider.java:65)
    	at de.sasbe.subtabs.SubtabGroupIconTintCache.baseFileIcon(SubtabGroupIconTintCache.java:73)
    	at de.sasbe.subtabs.SubtabGroupIconTintCache.tintedFileIcon(SubtabGroupIconTintCache.java:42)
    	at de.sasbe.subtabs.SubtabGroupPsiIconProvider.getIcon(SubtabGroupPsiIconProvider.java:38)
    	at com.intellij.util.PsiIconUtil.getIconFromProviders(PsiIconUtil.kt:18)
    	at com.intellij.ide.PsiBasedFileIconProvider.getIcon(PsiBasedFileIconProvider.java:19)
    	at de.sasbe.subtabs.SubtabGroupFileIconProvider.resolveUncoloredPlatformIcon(SubtabGroupFileIconProvider.java:65)
    	at de.sasbe.subtabs.SubtabGroupIconTintCache.baseFileIcon(SubtabGroupIconTintCache.java:73)
    	at de.sasbe.subtabs.SubtabGroupIconTintCache.tintedFileIcon(SubtabGroupIconTintCache.java:42)
    	at de.sasbe.subtabs.SubtabGroupPsiIconProvider.getIcon(SubtabGroupPsiIconProvider.java:38)
    	at com.intellij.util.PsiIconUtil.getIconFromProviders(PsiIconUtil.kt:18)
    	at com.intellij.ide.PsiBasedFileIconProvider.getIcon(PsiBasedFileIconProvider.java:19)
    	at de.sasbe.subtabs.SubtabGroupFileIconProvider.resolveUncoloredPlatformIcon(SubtabGroupFileIconProvider.java:65)
    	at de.sasbe.subtabs.SubtabGroupIconTintCache.baseFileIcon(SubtabGroupIconTintCache.java:73)
    	at de.sasbe.subtabs.SubtabGroupIconTintCache.tintedFileIcon(SubtabGroupIconTintCache.java:42)
    	at de.sasbe.subtabs.SubtabGroupPsiIconProvider.getIcon(SubtabGroupPsiIconProvider.java:38)
    	at com.intellij.util.PsiIconUtil.getIconFromProviders(PsiIconUtil.kt:18)
    	at com.intellij.ide.PsiBasedFileIconProvider.getIcon(PsiBasedFileIconProvider.java:19)
    	at de.sasbe.subtabs.SubtabGroupFileIconProvider.resolveUncoloredPlatformIcon(SubtabGroupFileIconProvider.java:65)
    	at de.sasbe.subtabs.SubtabGroupIconTintCache.baseFileIcon(SubtabGroupIconTintCache.java:73)
    	at de.sasbe.subtabs.SubtabGroupIconTintCache.tintedFileIcon(SubtabGroupIconTintCache.java:42)
    	at de.sasbe.subtabs.SubtabGroupPsiIconProvider.getIcon(SubtabGroupPsiIconProvider.java:38)
    	at com.intellij.util.PsiIconUtil.getIconFromProviders(PsiIconUtil.kt:18)
    	at com.intellij.ide.PsiBasedFileIconProvider.getIcon(PsiBasedFileIconProvider.java:19)
    	at de.sasbe.subtabs.SubtabGroupFileIconProvider.resolveUncoloredPlatformIcon(SubtabGroupFileIconProvider.java:65)
    	at de.sasbe.subtabs.SubtabGroupIconTintCache.baseFileIcon(SubtabGroupIconTintCache.java:73)
    	at de.sasbe.subtabs.SubtabGroupIconTintCache.tintedFileIcon(SubtabGroupIconTintCache.java:42)
    	at de.sasbe.subtabs.SubtabGroupPsiIconProvider.getIcon(SubtabGroupPsiIconProvider.java:38)
    	at com.intellij.util.PsiIconUtil.getIconFromProviders(PsiIconUtil.kt:18)
    	at com.intellij.ide.PsiBasedFileIconProvider.getIcon(PsiBasedFileIconProvider.java:19)
    	at de.sasbe.subtabs.SubtabGroupFileIconProvider.resolveUncoloredPlatformIcon(SubtabGroupFileIconProvider.java:65)
    	at de.sasbe.subtabs.SubtabGroupIconTintCache.baseFileIcon(SubtabGroupIconTintCache.java:73)
    	at de.sasbe.subtabs.SubtabGroupIconTintCache.tintedFileIcon(SubtabGroupIconTintCache.java:42)
    	at de.sasbe.subtabs.SubtabGroupPsiIconProvider.getIcon(SubtabGroupPsiIconProvider.java:38)
    	at com.intellij.util.PsiIconUtil.getIconFromProviders(PsiIconUtil.kt:18)
    	at com.intellij.ide.PsiBasedFileIconProvider.getIcon(PsiBasedFileIconProvider.java:19)
    	at de.sasbe.subtabs.SubtabGroupFileIconProvider.resolveUncoloredPlatformIcon(SubtabGroupFileIconProvider.java:65)
    	at de.sasbe.subtabs.SubtabGroupIconTintCache.baseFileIcon(SubtabGroupIconTintCache.java:73)
    	at de.sasbe.subtabs.SubtabGroupIconTintCache.tintedFileIcon(SubtabGroupIconTintCache.java:42)
    	at de.sasbe.subtabs.SubtabGroupPsiIconProvider.getIcon(SubtabGroupPsiIconProvider.java:38)
    	at com.intellij.util.PsiIconUtil.getIconFromProviders(PsiIconUtil.kt:18)
    	at com.intellij.ide.PsiBasedFileIconProvider.getIcon(PsiBasedFileIconProvider.java:19)
    	at de.sasbe.subtabs.SubtabGroupFileIconProvider.resolveUncoloredPlatformIcon(SubtabGroupFileIconProvider.java:65)
    	at de.sasbe.subtabs.SubtabGroupIconTintCache.baseFileIcon(SubtabGroupIconTintCache.java:73)
    	at de.sasbe.subtabs.SubtabGroupIconTintCache.tintedFileIcon(SubtabGroupIconTintCache.java:42)
    	at de.sasbe.subtabs.SubtabGroupPsiIconProvider.getIcon(SubtabGroupPsiIconProvider.java:38)
    	at com.intellij.util.PsiIconUtil.getIconFromProviders(PsiIconUtil.kt:18)
    	at com.intellij.ide.PsiBasedFileIconProvider.getIcon(PsiBasedFileIconProvider.java:19)
    	at de.sasbe.subtabs.SubtabGroupFileIconProvider.resolveUncoloredPlatformIcon(SubtabGroupFileIconProvider.java:65)
    	at de.sasbe.subtabs.SubtabGroupIconTintCache.baseFileIcon(SubtabGroupIconTintCache.java:73)
    	at de.sasbe.subtabs.SubtabGroupIconTintCache.tintedFileIcon(SubtabGroupIconTintCache.java:42)
    	at de.sasbe.subtabs.SubtabGroupPsiIconProvider.getIcon(SubtabGroupPsiIconProvider.java:38)
    	at com.intellij.util.PsiIconUtil.getIconFromProviders(PsiIconUtil.kt:18)
    	at com.intellij.ide.PsiBasedFileIconProvider.getIcon(PsiBasedFileIconProvider.java:19)
    	at de.sasbe.subtabs.SubtabGroupFileIconProvider.resolveUncoloredPlatformIcon(SubtabGroupFileIconProvider.java:65)
    	at de.sasbe.subtabs.SubtabGroupIconTintCache.baseFileIcon(SubtabGroupIconTintCache.java:73)
    	at de.sasbe.subtabs.SubtabGroupIconTintCache.tintedFileIcon(SubtabGroupIconTintCache.java:42)
    	at de.sasbe.subtabs.SubtabGroupPsiIconProvider.getIcon(SubtabGroupPsiIconProvider.java:38)
    	at com.intellij.util.PsiIconUtil.getIconFromProviders(PsiIconUtil.kt:18)
    	at com.intellij.ide.PsiBasedFileIconProvider.getIcon(PsiBasedFileIconProvider.java:19)
    	at de.sasbe.subtabs.SubtabGroupFileIconProvider.resolveUncoloredPlatformIcon(SubtabGroupFileIconProvider.java:65)
    	at de.sasbe.subtabs.SubtabGroupIconTintCache.baseFileIcon(SubtabGroupIconTintCache.java:73)
    	at de.sasbe.subtabs.SubtabGroupIconTintCache.tintedFileIcon(SubtabGroupIconTintCache.java:42)
    	at de.sasbe.subtabs.SubtabGroupPsiIconProvider.getIcon(SubtabGroupPsiIconProvider.java:38)
    	at com.intellij.util.PsiIconUtil.getIconFromProviders(PsiIconUtil.kt:18)
    	at com.intellij.ide.PsiBasedFileIconProvider.getIcon(PsiBasedFileIconProvider.java:19)
    	at de.sasbe.subtabs.SubtabGroupFileIconProvider.resolveUncoloredPlatformIcon(SubtabGroupFileIconProvider.java:65)
    	at de.sasbe.subtabs.SubtabGroupIconTintCache.baseFileIcon(SubtabGroupIconTintCache.java:73)
    	at de.sasbe.subtabs.SubtabGroupIconTintCache.tintedFileIcon(SubtabGroupIconTintCache.java:42)
    	at de.sasbe.subtabs.SubtabGroupPsiIconProvider.getIcon(SubtabGroupPsiIconProvider.java:38)
    	at com.intellij.util.PsiIconUtil.getIconFromProviders(PsiIconUtil.kt:18)
    	at com.intellij.ide.PsiBasedFileIconProvider.getIcon(PsiBasedFileIconProvider.java:19)
    	at de.sasbe.subtabs.SubtabGroupFileIconProvider.resolveUncoloredPlatformIcon(SubtabGroupFileIconProvider.java:65)
    	at de.sasbe.subtabs.SubtabGroupIconTintCache.baseFileIcon(SubtabGroupIconTintCache.java:73)
    	at de.sasbe.subtabs.SubtabGroupIconTintCache.tintedFileIcon(SubtabGroupIconTintCache.java:42)
    	at de.sasbe.subtabs.SubtabGroupPsiIconProvider.getIcon(SubtabGroupPsiIconProvider.java:38)
    	at com.intellij.util.PsiIconUtil.getIconFromProviders(PsiIconUtil.kt:18)
    	at com.intellij.ide.PsiBasedFileIconProvider.getIcon(PsiBasedFileIconProvider.java:19)
    	at de.sasbe.subtabs.SubtabGroupFileIconProvider.resolveUncoloredPlatformIcon(SubtabGroupFileIconProvider.java:65)
    	at de.sasbe.subtabs.SubtabGroupIconTintCache.baseFileIcon(SubtabGroupIconTintCache.java:73)
    	at de.sasbe.subtabs.SubtabGroupIconTintCache.tintedFileIcon(SubtabGroupIconTintCache.java:42)
    	at de.sasbe.subtabs.SubtabGroupPsiIconProvider.getIcon(SubtabGroupPsiIconProvider.java:38)
    	at com.intellij.util.PsiIconUtil.getIconFromProviders(PsiIconUtil.kt:18)
    	at com.intellij.ide.PsiBasedFileIconProvider.getIcon(PsiBasedFileIconProvider.java:19)
    	at de.sasbe.subtabs.SubtabGroupFileIconProvider.resolveUncoloredPlatformIcon(SubtabGroupFileIconProvider.java:65)
    	at de.sasbe.subtabs.SubtabGroupIconTintCache.baseFileIcon(SubtabGroupIconTintCache.java:73)
    	at de.sasbe.subtabs.SubtabGroupIconTintCache.tintedFileIcon(SubtabGroupIconTintCache.java:42)
    	at de.sasbe.subtabs.SubtabGroupPsiIconProvider.getIcon(SubtabGroupPsiIconProvider.java:38)
    	at com.intellij.util.PsiIconUtil.getIconFromProviders(PsiIconUtil.kt:18)
    	at com.intellij.ide.PsiBasedFileIconProvider.getIcon(PsiBasedFileIconProvider.java:19)
    	at de.sasbe.subtabs.SubtabGroupFileIconProvider.resolveUncoloredPlatformIcon(SubtabGroupFileIconProvider.java:65)
    	at de.sasbe.subtabs.SubtabGroupIconTintCache.baseFileIcon(SubtabGroupIconTintCache.java:73)
    	at de.sasbe.subtabs.SubtabGroupIconTintCache.tintedFileIcon(SubtabGroupIconTintCache.java:42)
    	at de.sasbe.subtabs.SubtabGroupPsiIconProvider.getIcon(SubtabGroupPsiIconProvider.java:38)
    	at com.intellij.util.PsiIconUtil.getIconFromProviders(PsiIconUtil.kt:18)
    	at com.intellij.ide.PsiBasedFileIconProvider.getIcon(PsiBasedFileIconProvider.java:19)
    	at de.sasbe.subtabs.SubtabGroupFileIconProvider.resolveUncoloredPlatformIcon(SubtabGroupFileIconProvider.java:65)
    	at de.sasbe.subtabs.SubtabGroupIconTintCache.baseFileIcon(SubtabGroupIconTintCache.java:73)
    	at de.sasbe.subtabs.SubtabGroupIconTintCache.tintedFileIcon(SubtabGroupIconTintCache.java:42)
    	at de.sasbe.subtabs.SubtabGroupPsiIconProvider.getIcon(SubtabGroupPsiIconProvider.java:38)
    	at com.intellij.util.PsiIconUtil.getIconFromProviders(PsiIconUtil.kt:18)
    	at com.intellij.ide.PsiBasedFileIconProvider.getIcon(PsiBasedFileIconProvider.java:19)
    	at de.sasbe.subtabs.SubtabGroupFileIconProvider.resolveUncoloredPlatformIcon(SubtabGroupFileIconProvider.java:65)
    	at de.sasbe.subtabs.SubtabGroupIconTintCache.baseFileIcon(SubtabGroupIconTintCache.java:73)
    	at de.sasbe.subtabs.SubtabGroupIconTintCache.tintedFileIcon(SubtabGroupIconTintCache.java:42)
    	at de.sasbe.subtabs.SubtabGroupPsiIconProvider.getIcon(SubtabGroupPsiIconProvider.java:38)
    	at com.intellij.util.PsiIconUtil.getIconFromProviders(PsiIconUtil.kt:18)
    	at com.intellij.ide.PsiBasedFileIconProvider.getIcon(PsiBasedFileIconProvider.java:19)
    	at de.sasbe.subtabs.SubtabGroupFileIconProvider.resolveUncoloredPlatformIcon(SubtabGroupFileIconProvider.java:65)
    	at de.sasbe.subtabs.SubtabGroupIconTintCache.baseFileIcon(SubtabGroupIconTintCache.java:73)
    	at de.sasbe.subtabs.SubtabGroupIconTintCache.tintedFileIcon(SubtabGroupIconTintCache.java:42)
    	at de.sasbe.subtabs.SubtabGroupPsiIconProvider.getIcon(SubtabGroupPsiIconProvider.java:38)
    	at com.intellij.util.PsiIconUtil.getIconFromProviders(PsiIconUtil.kt:18)
    	at com.intellij.ide.PsiBasedFileIconProvider.getIcon(PsiBasedFileIconProvider.java:19)
    	at de.sasbe.subtabs.SubtabGroupFileIconProvider.resolveUncoloredPlatformIcon(SubtabGroupFileIconProvider.java:65)
    	at de.sasbe.subtabs.SubtabGroupIconTintCache.baseFileIcon(SubtabGroupIconTintCache.java:73)
    	at de.sasbe.subtabs.SubtabGroupIconTintCache.tintedFileIcon(SubtabGroupIconTintCache.java:42)
    	at de.sasbe.subtabs.SubtabGroupPsiIconProvider.getIcon(SubtabGroupPsiIconProvider.java:38)
    	at com.intellij.util.PsiIconUtil.getIconFromProviders(PsiIconUtil.kt:18)
    	at com.intellij.ide.PsiBasedFileIconProvider.getIcon(PsiBasedFileIconProvider.java:19)
    	at de.sasbe.subtabs.SubtabGroupFileIconProvider.resolveUncoloredPlatformIcon(SubtabGroupFileIconProvider.java:65)
    	at de.sasbe.subtabs.SubtabGroupIconTintCache.baseFileIcon(SubtabGroupIconTintCache.java:73)
    	at de.sasbe.subtabs.SubtabGroupIconTintCache.tintedFileIcon(SubtabGroupIconTintCache.java:42)
    	at de.sasbe.subtabs.SubtabGroupPsiIconProvider.getIcon(SubtabGroupPsiIconProvider.java:38)
    	at com.intellij.util.PsiIconUtil.getIconFromProviders(PsiIconUtil.kt:18)
    	at com.intellij.ide.PsiBasedFileIconProvider.getIcon(PsiBasedFileIconProvider.java:19)
    	at de.sasbe.subtabs.SubtabGroupFileIconProvider.resolveUncoloredPlatformIcon(SubtabGroupFileIconProvider.java:65)
    	at de.sasbe.subtabs.SubtabGroupIconTintCache.baseFileIcon(SubtabGroupIconTintCache.java:73)
    	at de.sasbe.subtabs.SubtabGroupIconTintCache.tintedFileIcon(SubtabGroupIconTintCache.java:42)
    	at de.sasbe.subtabs.SubtabGroupPsiIconProvider.getIcon(SubtabGroupPsiIconProvider.java:38)
    	at com.intellij.util.PsiIconUtil.getIconFromProviders(PsiIconUtil.kt:18)
    	at com.intellij.ide.PsiBasedFileIconProvider.getIcon(PsiBasedFileIconProvider.java:19)
    	at de.sasbe.subtabs.SubtabGroupFileIconProvider.resolveUncoloredPlatformIcon(SubtabGroupFileIconProvider.java:65)
    	at de.sasbe.subtabs.SubtabGroupIconTintCache.baseFileIcon(SubtabGroupIconTintCache.java:73)
    	at de.sasbe.subtabs.SubtabGroupIconTintCache.tintedFileIcon(SubtabGroupIconTintCache.java:42)
    	at de.sasbe.subtabs.SubtabGroupPsiIconProvider.getIcon(SubtabGroupPsiIconProvider.java:38)
    	at com.intellij.util.PsiIconUtil.getIconFromProviders(PsiIconUtil.kt:18)
    	at com.intellij.ide.PsiBasedFileIconProvider.getIcon(PsiBasedFileIconProvider.java:19)
    	at de.sasbe.subtabs.SubtabGroupFileIconProvider.resolveUncoloredPlatformIcon(SubtabGroupFileIconProvider.java:65)
    	at de.sasbe.subtabs.SubtabGroupIconTintCache.baseFileIcon(SubtabGroupIconTintCache.java:73)
    	at de.sasbe.subtabs.SubtabGroupIconTintCache.tintedFileIcon(SubtabGroupIconTintCache.java:42)
    	at de.sasbe.subtabs.SubtabGroupPsiIconProvider.getIcon(SubtabGroupPsiIconProvider.java:38)
    	at com.intellij.util.PsiIconUtil.getIconFromProviders(PsiIconUtil.kt:18)
    	at com.intellij.ide.PsiBasedFileIconProvider.getIcon(PsiBasedFileIconProvider.java:19)
    	at de.sasbe.subtabs.SubtabGroupFileIconProvider.resolveUncoloredPlatformIcon(SubtabGroupFileIconProvider.java:65)
    	at de.sasbe.subtabs.SubtabGroupIconTintCache.baseFileIcon(SubtabGroupIconTintCache.java:73)
    	at de.sasbe.subtabs.SubtabGroupIconTintCache.tintedFileIcon(SubtabGroupIconTintCache.java:42)
    	at de.sasbe.subtabs.SubtabGroupPsiIconProvider.getIcon(SubtabGroupPsiIconProvider.java:38)
    	at com.intellij.util.PsiIconUtil.getIconFromProviders(PsiIconUtil.kt:18)
    	at com.intellij.ide.PsiBasedFileIconProvider.getIcon(PsiBasedFileIconProvider.java:19)
    	at de.sasbe.subtabs.SubtabGroupFileIconProvider.resolveUncoloredPlatformIcon(SubtabGroupFileIconProvider.java:65)
    	at de.sasbe.subtabs.SubtabGroupIconTintCache.baseFileIcon(SubtabGroupIconTintCache.java:73)
    	at de.sasbe.subtabs.SubtabGroupIconTintCache.tintedFileIcon(SubtabGroupIconTintCache.java:42)
    	at de.sasbe.subtabs.SubtabGroupPsiIconProvider.getIcon(SubtabGroupPsiIconProvider.java:38)
    	at com.intellij.util.PsiIconUtil.getIconFromProviders(PsiIconUtil.kt:18)
    	at com.intellij.ide.PsiBasedFileIconProvider.getIcon(PsiBasedFileIconProvider.java:19)
    	at de.sasbe.subtabs.SubtabGroupFileIconProvider.resolveUncoloredPlatformIcon(SubtabGroupFileIconProvider.java:65)
    	at de.sasbe.subtabs.SubtabGroupIconTintCache.baseFileIcon(SubtabGroupIconTintCache.java:73)
    	at de.sasbe.subtabs.SubtabGroupIconTintCache.tintedFileIcon(SubtabGroupIconTintCache.java:42)
    	at de.sasbe.subtabs.SubtabGroupPsiIconProvider.getIcon(SubtabGroupPsiIconProvider.java:38)
    	at com.intellij.util.PsiIconUtil.getIconFromProviders(PsiIconUtil.kt:18)
    	at com.intellij.ide.PsiBasedFileIconProvider.getIcon(PsiBasedFileIconProvider.java:19)
    	at de.sasbe.subtabs.SubtabGroupFileIconProvider.resolveUncoloredPlatformIcon(SubtabGroupFileIconProvider.java:65)
    	at de.sasbe.subtabs.SubtabGroupIconTintCache.baseFileIcon(SubtabGroupIconTintCache.java:73)
    	at de.sasbe.subtabs.SubtabGroupIconTintCache.tintedFileIcon(SubtabGroupIconTintCache.java:42)
    	at de.sasbe.subtabs.SubtabGroupPsiIconProvider.getIcon(SubtabGroupPsiIconProvider.java:38)
    	at com.intellij.util.PsiIconUtil.getIconFromProviders(PsiIconUtil.kt:18)
    	at com.intellij.ide.PsiBasedFileIconProvider.getIcon(PsiBasedFileIconProvider.java:19)
    	at de.sasbe.subtabs.SubtabGroupFileIconProvider.resolveUncoloredPlatformIcon(SubtabGroupFileIconProvider.java:65)
    	at de.sasbe.subtabs.SubtabGroupIconTintCache.baseFileIcon(SubtabGroupIconTintCache.java:73)
    	at de.sasbe.subtabs.SubtabGroupIconTintCache.tintedFileIcon(SubtabGroupIconTintCache.java:42)
    	at de.sasbe.subtabs.SubtabGroupPsiIconProvider.getIcon(SubtabGroupPsiIconProvider.java:38)
    	at com.intellij.util.PsiIconUtil.getIconFromProviders(PsiIconUtil.kt:18)
    	at com.intellij.ide.PsiBasedFileIconProvider.getIcon(PsiBasedFileIconProvider.java:19)
    	at de.sasbe.subtabs.SubtabGroupFileIconProvider.resolveUncoloredPlatformIcon(SubtabGroupFileIconProvider.java:65)
    	at de.sasbe.subtabs.SubtabGroupIconTintCache.baseFileIcon(SubtabGroupIconTintCache.java:73)
    	at de.sasbe.subtabs.SubtabGroupIconTintCache.tintedFileIcon(SubtabGroupIconTintCache.java:42)
    	at de.sasbe.subtabs.SubtabGroupPsiIconProvider.getIcon(SubtabGroupPsiIconProvider.java:38)
    	at com.intellij.util.PsiIconUtil.getIconFromProviders(PsiIconUtil.kt:18)
    	at com.intellij.ide.PsiBasedFileIconProvider.getIcon(PsiBasedFileIconProvider.java:19)
    	at de.sasbe.subtabs.SubtabGroupFileIconProvider.resolveUncoloredPlatformIcon(SubtabGroupFileIconProvider.java:65)
    	at de.sasbe.subtabs.SubtabGroupIconTintCache.baseFileIcon(SubtabGroupIconTintCache.java:73)
    	at de.sasbe.subtabs.SubtabGroupIconTintCache.tintedFileIcon(SubtabGroupIconTintCache.java:42)
    	at de.sasbe.subtabs.SubtabGroupPsiIconProvider.getIcon(SubtabGroupPsiIconProvider.java:38)
    	at com.intellij.util.PsiIconUtil.getIconFromProviders(PsiIconUtil.kt:18)
    	at com.intellij.ide.PsiBasedFileIconProvider.getIcon(PsiBasedFileIconProvider.java:19)
    	at de.sasbe.subtabs.SubtabGroupFileIconProvider.resolveUncoloredPlatformIcon(SubtabGroupFileIconProvider.java:65)
    	at de.sasbe.subtabs.SubtabGroupIconTintCache.baseFileIcon(SubtabGroupIconTintCache.java:73)
    	at de.sasbe.subtabs.SubtabGroupIconTintCache.tintedFileIcon(SubtabGroupIconTintCache.java:42)
    	at de.sasbe.subtabs.SubtabGroupPsiIconProvider.getIcon(SubtabGroupPsiIconProvider.java:38)
    	at com.intellij.util.PsiIconUtil.getIconFromProviders(PsiIconUtil.kt:18)
    	at com.intellij.ide.PsiBasedFileIconProvider.getIcon(PsiBasedFileIconProvider.java:19)
    	at de.sasbe.subtabs.SubtabGroupFileIconProvider.resolveUncoloredPlatformIcon(SubtabGroupFileIconProvider.java:65)
    	at de.sasbe.subtabs.SubtabGroupIconTintCache.baseFileIcon(SubtabGroupIconTintCache.java:73)
    	at de.sasbe.subtabs.SubtabGroupIconTintCache.tintedFileIcon(SubtabGroupIconTintCache.java:42)
    	at de.sasbe.subtabs.SubtabGroupPsiIconProvider.getIcon(SubtabGroupPsiIconProvider.java:38)
    	at com.intellij.util.PsiIconUtil.getIconFromProviders(PsiIconUtil.kt:18)
    	at com.intellij.ide.PsiBasedFileIconProvider.getIcon(PsiBasedFileIconProvider.java:19)
    	at de.sasbe.subtabs.SubtabGroupFileIconProvider.resolveUncoloredPlatformIcon(SubtabGroupFileIconProvider.java:65)
    	at de.sasbe.subtabs.SubtabGroupIconTintCache.baseFileIcon(SubtabGroupIconTintCache.java:73)
    	at de.sasbe.subtabs.SubtabGroupIconTintCache.tintedFileIcon(SubtabGroupIconTintCache.java:42)
    	at de.sasbe.subtabs.SubtabGroupPsiIconProvider.getIcon(SubtabGroupPsiIconProvider.java:38)
    	at com.intellij.util.PsiIconUtil.getIconFromProviders(PsiIconUtil.kt:18)
    	at com.intellij.ide.PsiBasedFileIconProvider.getIcon(PsiBasedFileIconProvider.java:19)
    	at de.sasbe.subtabs.SubtabGroupFileIconProvider.resolveUncoloredPlatformIcon(SubtabGroupFileIconProvider.java:65)
    	at de.sasbe.subtabs.SubtabGroupIconTintCache.baseFileIcon(SubtabGroupIconTintCache.java:73)
    	at de.sasbe.subtabs.SubtabGroupIconTintCache.tintedFileIcon(SubtabGroupIconTintCache.java:42)
    	at de.sasbe.subtabs.SubtabGroupPsiIconProvider.getIcon(SubtabGroupPsiIconProvider.java:38)
    	at com.intellij.util.PsiIconUtil.getIconFromProviders(PsiIconUtil.kt:18)
    	at com.intellij.ide.PsiBasedFileIconProvider.getIcon(PsiBasedFileIconProvider.java:19)
    	at de.sasbe.subtabs.SubtabGroupFileIconProvider.resolveUncoloredPlatformIcon(SubtabGroupFileIconProvider.java:65)
    	at de.sasbe.subtabs.SubtabGroupIconTintCache.baseFileIcon(SubtabGroupIconTintCache.java:73)
    	at de.sasbe.subtabs.SubtabGroupIconTintCache.tintedFileIcon(SubtabGroupIconTintCache.java:42)
    	at de.sasbe.subtabs.SubtabGroupPsiIconProvider.getIcon(SubtabGroupPsiIconProvider.java:38)
    	at com.intellij.util.PsiIconUtil.getIconFromProviders(PsiIconUtil.kt:18)
    	at com.intellij.ide.PsiBasedFileIconProvider.getIcon(PsiBasedFileIconProvider.java:19)
    	at de.sasbe.subtabs.SubtabGroupFileIconProvider.resolveUncoloredPlatformIcon(SubtabGroupFileIconProvider.java:65)
    	at de.sasbe.subtabs.SubtabGroupIconTintCache.baseFileIcon(SubtabGroupIconTintCache.java:73)
    	at de.sasbe.subtabs.SubtabGroupIconTintCache.tintedFileIcon(SubtabGroupIconTintCache.java:42)
    	at de.sasbe.subtabs.SubtabGroupPsiIconProvider.getIcon(SubtabGroupPsiIconProvider.java:38)
    	at com.intellij.util.PsiIconUtil.getIconFromProviders(PsiIconUtil.kt:18)
    	at com.intellij.ide.PsiBasedFileIconProvider.getIcon(PsiBasedFileIconProvider.java:19)
    	at de.sasbe.subtabs.SubtabGroupFileIconProvider.resolveUncoloredPlatformIcon(SubtabGroupFileIconProvider.java:65)
    	at de.sasbe.subtabs.SubtabGroupIconTintCache.baseFileIcon(SubtabGroupIconTintCache.java:73)
    	at de.sasbe.subtabs.SubtabGroupIconTintCache.tintedFileIcon(SubtabGroupIconTintCache.java:42)
    	at de.sasbe.subtabs.SubtabGroupPsiIconProvider.getIcon(SubtabGroupPsiIconProvider.java:38)
    	at com.intellij.util.PsiIconUtil.getIconFromProviders(PsiIconUtil.kt:18)
    	at com.intellij.ide.PsiBasedFileIconProvider.getIcon(PsiBasedFileIconProvider.java:19)
    	at de.sasbe.subtabs.SubtabGroupFileIconProvider.resolveUncoloredPlatformIcon(SubtabGroupFileIconProvider.java:65)
    	at de.sasbe.subtabs.SubtabGroupIconTintCache.baseFileIcon(SubtabGroupIconTintCache.java:73)
    	at de.sasbe.subtabs.SubtabGroupIconTintCache.tintedFileIcon(SubtabGroupIconTintCache.java:42)
    	at de.sasbe.subtabs.SubtabGroupPsiIconProvider.getIcon(SubtabGroupPsiIconProvider.java:38)
    	at com.intellij.util.PsiIconUtil.getIconFromProviders(PsiIconUtil.kt:18)
    	at com.intellij.ide.PsiBasedFileIconProvider.getIcon(PsiBasedFileIconProvider.java:19)
    	at de.sasbe.subtabs.SubtabGroupFileIconProvider.resolveUncoloredPlatformIcon(SubtabGroupFileIconProvider.java:65)
    	at de.sasbe.subtabs.SubtabGroupIconTintCache.baseFileIcon(SubtabGroupIconTintCache.java:73)
    	at de.sasbe.subtabs.SubtabGroupIconTintCache.tintedFileIcon(SubtabGroupIconTintCache.java:42)
    	at de.sasbe.subtabs.SubtabGroupPsiIconProvider.getIcon(SubtabGroupPsiIconProvider.java:38)
    	at com.intellij.util.PsiIconUtil.getIconFromProviders(PsiIconUtil.kt:18)
    	at com.intellij.ide.PsiBasedFileIconProvider.getIcon(PsiBasedFileIconProvider.java:19)
    	at de.sasbe.subtabs.SubtabGroupFileIconProvider.resolveUncoloredPlatformIcon(SubtabGroupFileIconProvider.java:65)
    	at de.sasbe.subtabs.SubtabGroupIconTintCache.baseFileIcon(SubtabGroupIconTintCache.java:73)
    	at de.sasbe.subtabs.SubtabGroupIconTintCache.tintedFileIcon(SubtabGroupIconTintCache.java:42)
    	at de.sasbe.subtabs.SubtabGroupPsiIconProvider.getIcon(SubtabGroupPsiIconProvider.java:38)
    	at com.intellij.util.PsiIconUtil.getIconFromProviders(PsiIconUtil.kt:18)
    	at com.intellij.ide.PsiBasedFileIconProvider.getIcon(PsiBasedFileIconProvider.java:19)
    	at de.sasbe.subtabs.SubtabGroupFileIconProvider.resolveUncoloredPlatformIcon(SubtabGroupFileIconProvider.java:65)
    	at de.sasbe.subtabs.SubtabGroupIconTintCache.baseFileIcon(SubtabGroupIconTintCache.java:73)
    	at de.sasbe.subtabs.SubtabGroupIconTintCache.tintedFileIcon(SubtabGroupIconTintCache.java:42)
    	at de.sasbe.subtabs.SubtabGroupPsiIconProvider.getIcon(SubtabGroupPsiIconProvider.java:38)
    	at com.intellij.util.PsiIconUtil.getIconFromProviders(PsiIconUtil.kt:18)
    	at com.intellij.ide.PsiBasedFileIconProvider.getIcon(PsiBasedFileIconProvider.java:19)
    	at de.sasbe.subtabs.SubtabGroupFileIconProvider.resolveUncoloredPlatformIcon(SubtabGroupFileIconProvider.java:65)
    	at de.sasbe.subtabs.SubtabGroupIconTintCache.baseFileIcon(SubtabGroupIconTintCache.java:73)
    	at de.sasbe.subtabs.SubtabGroupIconTintCache.tintedFileIcon(SubtabGroupIconTintCache.java:42)
    	at de.sasbe.subtabs.SubtabGroupPsiIconProvider.getIcon(SubtabGroupPsiIconProvider.java:38)
    	at com.intellij.util.PsiIconUtil.getIconFromProviders(PsiIconUtil.kt:18)
    	at com.intellij.ide.PsiBasedFileIconProvider.getIcon(PsiBasedFileIconProvider.java:19)
    	at de.sasbe.subtabs.SubtabGroupFileIconProvider.resolveUncoloredPlatformIcon(SubtabGroupFileIconProvider.java:65)
    	at de.sasbe.subtabs.SubtabGroupIconTintCache.baseFileIcon(SubtabGroupIconTintCache.java:73)
    	at de.sasbe.subtabs.SubtabGroupIconTintCache.tintedFileIcon(SubtabGroupIconTintCache.java:42)
    	at de.sasbe.subtabs.SubtabGroupPsiIconProvider.getIcon(SubtabGroupPsiIconProvider.java:38)
    	at com.intellij.util.PsiIconUtil.getIconFromProviders(PsiIconUtil.kt:18)
    	at com.intellij.ide.PsiBasedFileIconProvider.getIcon(PsiBasedFileIconProvider.java:19)
    	at de.sasbe.subtabs.SubtabGroupFileIconProvider.resolveUncoloredPlatformIcon(SubtabGroupFileIconProvider.java:65)
    	at de.sasbe.subtabs.SubtabGroupIconTintCache.baseFileIcon(SubtabGroupIconTintCache.java:73)
    	at de.sasbe.subtabs.SubtabGroupIconTintCache.tintedFileIcon(SubtabGroupIconTintCache.java:42)
    	at de.sasbe.subtabs.SubtabGroupPsiIconProvider.getIcon(SubtabGroupPsiIconProvider.java:38)
    	at com.intellij.util.PsiIconUtil.getIconFromProviders(PsiIconUtil.kt:18)
    	at com.intellij.ide.PsiBasedFileIconProvider.getIcon(PsiBasedFileIconProvider.java:19)
    	at de.sasbe.subtabs.SubtabGroupFileIconProvider.resolveUncoloredPlatformIcon(SubtabGroupFileIconProvider.java:65)
    	at de.sasbe.subtabs.SubtabGroupIconTintCache.baseFileIcon(SubtabGroupIconTintCache.java:73)
    	at de.sasbe.subtabs.SubtabGroupIconTintCache.tintedFileIcon(SubtabGroupIconTintCache.java:42)
    	at de.sasbe.subtabs.SubtabGroupPsiIconProvider.getIcon(SubtabGroupPsiIconProvider.java:38)
    	at com.intellij.util.PsiIconUtil.getIconFromProviders(PsiIconUtil.kt:18)
    	at com.intellij.ide.PsiBasedFileIconProvider.getIcon(PsiBasedFileIconProvider.java:19)
    	at de.sasbe.subtabs.SubtabGroupFileIconProvider.resolveUncoloredPlatformIcon(SubtabGroupFileIconProvider.java:65)
    	at de.sasbe.subtabs.SubtabGroupIconTintCache.baseFileIcon(SubtabGroupIconTintCache.java:73)
    	at de.sasbe.subtabs.SubtabGroupIconTintCache.tintedFileIcon(SubtabGroupIconTintCache.java:42)
    	at de.sasbe.subtabs.SubtabGroupPsiIconProvider.getIcon(SubtabGroupPsiIconProvider.java:38)
    	at com.intellij.util.PsiIconUtil.getIconFromProviders(PsiIconUtil.kt:18)
    	at com.intellij.ide.PsiBasedFileIconProvider.getIcon(PsiBasedFileIconProvider.java:19)
    	at de.sasbe.subtabs.SubtabGroupFileIconProvider.resolveUncoloredPlatformIcon(SubtabGroupFileIconProvider.java:65)
    	at de.sasbe.subtabs.SubtabGroupIconTintCache.baseFileIcon(SubtabGroupIconTintCache.java:73)
    	at de.sasbe.subtabs.SubtabGroupIconTintCache.tintedFileIcon(SubtabGroupIconTintCache.java:42)
    	at de.sasbe.subtabs.SubtabGroupPsiIconProvider.getIcon(SubtabGroupPsiIconProvider.java:38)
    	at com.intellij.util.PsiIconUtil.getIconFromProviders(PsiIconUtil.kt:18)
    	at com.intellij.ide.PsiBasedFileIconProvider.getIcon(PsiBasedFileIconProvider.java:19)
    	at de.sasbe.subtabs.SubtabGroupFileIconProvider.resolveUncoloredPlatformIcon(SubtabGroupFileIconProvider.java:65)
    	at de.sasbe.subtabs.SubtabGroupIconTintCache.baseFileIcon(SubtabGroupIconTintCache.java:73)
    	at de.sasbe.subtabs.SubtabGroupIconTintCache.tintedFileIcon(SubtabGroupIconTintCache.java:42)
    	at de.sasbe.subtabs.SubtabGroupPsiIconProvider.getIcon(SubtabGroupPsiIconProvider.java:38)
    	at com.intellij.util.PsiIconUtil.getIconFromProviders(PsiIconUtil.kt:18)
    	at com.intellij.ide.PsiBasedFileIconProvider.getIcon(PsiBasedFileIconProvider.java:19)
    	at de.sasbe.subtabs.SubtabGroupFileIconProvider.resolveUncoloredPlatformIcon(SubtabGroupFileIconProvider.java:65)
    	at de.sasbe.subtabs.SubtabGroupIconTintCache.baseFileIcon(SubtabGroupIconTintCache.java:73)
    	at de.sasbe.subtabs.SubtabGroupIconTintCache.tintedFileIcon(SubtabGroupIconTintCache.java:42)
    	at de.sasbe.subtabs.SubtabGroupPsiIconProvider.getIcon(SubtabGroupPsiIconProvider.java:38)
    	at com.intellij.util.PsiIconUtil.getIconFromProviders(PsiIconUtil.kt:18)
    	at com.intellij.ide.PsiBasedFileIconProvider.getIcon(PsiBasedFileIconProvider.java:19)
    	at de.sasbe.subtabs.SubtabGroupFileIconProvider.resolveUncoloredPlatformIcon(SubtabGroupFileIconProvider.java:65)
    	at de.sasbe.subtabs.SubtabGroupIconTintCache.baseFileIcon(SubtabGroupIconTintCache.java:73)
    	at de.sasbe.subtabs.SubtabGroupIconTintCache.tintedFileIcon(SubtabGroupIconTintCache.java:42)
    	at de.sasbe.subtabs.SubtabGroupPsiIconProvider.getIcon(SubtabGroupPsiIconProvider.java:38)
    	at com.intellij.util.PsiIconUtil.getIconFromProviders(PsiIconUtil.kt:18)
    	at com.intellij.ide.PsiBasedFileIconProvider.getIcon(PsiBasedFileIconProvider.java:19)
    	at de.sasbe.subtabs.SubtabGroupFileIconProvider.resolveUncoloredPlatformIcon(SubtabGroupFileIconProvider.java:65)
    	at de.sasbe.subtabs.SubtabGroupIconTintCache.baseFileIcon(SubtabGroupIconTintCache.java:73)
    	at de.sasbe.subtabs.SubtabGroupIconTintCache.tintedFileIcon(SubtabGroupIconTintCache.java:42)
    	at de.sasbe.subtabs.SubtabGroupPsiIconProvider.getIcon(SubtabGroupPsiIconProvider.java:38)
    	at com.intellij.util.PsiIconUtil.getIconFromProviders(PsiIconUtil.kt:18)
    	at com.intellij.ide.PsiBasedFileIconProvider.getIcon(PsiBasedFileIconProvider.java:19)
    	at de.sasbe.subtabs.SubtabGroupFileIconProvider.resolveUncoloredPlatformIcon(SubtabGroupFileIconProvider.java:65)
    	at de.sasbe.subtabs.SubtabGroupIconTintCache.baseFileIcon(SubtabGroupIconTintCache.java:73)
    	at de.sasbe.subtabs.SubtabGroupIconTintCache.tintedFileIcon(SubtabGroupIconTintCache.java:42)
    	at de.sasbe.subtabs.SubtabGroupPsiIconProvider.getIcon(SubtabGroupPsiIconProvider.java:38)
    	at com.intellij.util.PsiIconUtil.getIconFromProviders(PsiIconUtil.kt:18)
    	at com.intellij.ide.PsiBasedFileIconProvider.getIcon(PsiBasedFileIconProvider.java:19)
    	at de.sasbe.subtabs.SubtabGroupFileIconProvider.resolveUncoloredPlatformIcon(SubtabGroupFileIconProvider.java:65)
    	at de.sasbe.subtabs.SubtabGroupIconTintCache.baseFileIcon(SubtabGroupIconTintCache.java:73)
    	at de.sasbe.subtabs.SubtabGroupIconTintCache.tintedFileIcon(SubtabGroupIconTintCache.java:42)
    	at de.sasbe.subtabs.SubtabGroupPsiIconProvider.getIcon(SubtabGroupPsiIconProvider.java:38)
    	at com.intellij.util.PsiIconUtil.getIconFromProviders(PsiIconUtil.kt:18)
    	at com.intellij.ide.PsiBasedFileIconProvider.getIcon(PsiBasedFileIconProvider.java:19)
    	at de.sasbe.subtabs.SubtabGroupFileIconProvider.resolveUncoloredPlatformIcon(SubtabGroupFileIconProvider.java:65)
    	at de.sasbe.subtabs.SubtabGroupIconTintCache.baseFileIcon(SubtabGroupIconTintCache.java:73)
    	at de.sasbe.subtabs.SubtabGroupIconTintCache.tintedFileIcon(SubtabGroupIconTintCache.java:42)
    	at de.sasbe.subtabs.SubtabGroupPsiIconProvider.getIcon(SubtabGroupPsiIconProvider.java:38)
    	at com.intellij.util.PsiIconUtil.getIconFromProviders(PsiIconUtil.kt:18)
    	at com.intellij.ide.PsiBasedFileIconProvider.getIcon(PsiBasedFileIconProvider.java:19)
    	at de.sasbe.subtabs.SubtabGroupFileIconProvider.resolveUncoloredPlatformIcon(SubtabGroupFileIconProvider.java:65)
    	at de.sasbe.subtabs.SubtabGroupIconTintCache.baseFileIcon(SubtabGroupIconTintCache.java:73)
    	at de.sasbe.subtabs.SubtabGroupIconTintCache.tintedFileIcon(SubtabGroupIconTintCache.java:42)
    	at de.sasbe.subtabs.SubtabGroupPsiIconProvider.getIcon(SubtabGroupPsiIconProvider.java:38)
    	at com.intellij.util.PsiIconUtil.getIconFromProviders(PsiIconUtil.kt:18)
    	at com.intellij.ide.PsiBasedFileIconProvider.getIcon(PsiBasedFileIconProvider.java:19)
    	at de.sasbe.subtabs.SubtabGroupFileIconProvider.resolveUncoloredPlatformIcon(SubtabGroupFileIconProvider.java:65)
    	at de.sasbe.subtabs.SubtabGroupIconTintCache.baseFileIcon(SubtabGroupIconTintCache.java:73)
    	at de.sasbe.subtabs.SubtabGroupIconTintCache.tintedFileIcon(SubtabGroupIconTintCache.java:42)
    	at de.sasbe.subtabs.SubtabGroupPsiIconProvider.getIcon(SubtabGroupPsiIconProvider.java:38)
    ERROR: Cannot create extension (class=org.jetbrains.vuejs.lang.typescript.service.lsp.VueLspServerSupportProvider) [Plugin: org.jetbrains.plugins.vue]
    com.intellij.diagnostic.PluginException: Cannot create extension (class=org.jetbrains.vuejs.lang.typescript.service.lsp.VueLspServerSupportProvider) [Plugin: org.jetbrains.plugins.vue]
    	at com.intellij.serviceContainer.ComponentManagerImpl.createError(ComponentManagerImpl.kt:962)
    	at com.intellij.openapi.extensions.impl.XmlExtensionAdapter.doCreateInstance(XmlExtensionAdapter.kt:73)
    	at com.intellij.openapi.extensions.impl.XmlExtensionAdapter.createInstance(XmlExtensionAdapter.kt:33)
    	at com.intellij.openapi.extensions.impl.ExtensionPointImpl.processAdapter(ExtensionPointImpl.kt:404)
    	at com.intellij.openapi.extensions.impl.ExtensionPointImpl.createExtensionInstances(ExtensionPointImpl.kt:377)
    	at com.intellij.openapi.extensions.impl.ExtensionPointImpl.getExtensionList(ExtensionPointImpl.kt:223)
    	at com.intellij.openapi.extensions.ExtensionPointName.getExtensionList(ExtensionPointName.kt:54)
    	at com.intellij.platform.lsp.impl.LspOpenedFilesService.d(LspOpenedFilesService.kt:61)
    	at com.intellij.openapi.application.impl.NonBlockingReadActionImpl$OTelMonitor.callWrapped(NonBlockingReadActionImpl.java:929)
    	at com.intellij.openapi.application.impl.NonBlockingReadActionImpl$OTelMonitor$MonitoredComputation.call(NonBlockingReadActionImpl.java:961)
    	at com.intellij.openapi.application.impl.NonBlockingReadActionImpl$Submission.insideReadAction(NonBlockingReadActionImpl.java:685)
    	at com.intellij.openapi.application.impl.NonBlockingReadActionImpl$Submission.lambda$attemptComputation$6(NonBlockingReadActionImpl.java:648)
    	at com.intellij.platform.locking.impl.NestedLocksThreadingSupport.tryRunReadAction(NestedLocksThreadingSupport.kt:902)
    	at com.intellij.openapi.application.impl.ApplicationImpl.tryRunReadAction(ApplicationImpl.java:1237)
    	at com.intellij.openapi.progress.util.ProgressIndicatorUtils.lambda$runInReadActionWithWriteActionPriority$0(ProgressIndicatorUtils.java:94)
    	at com.intellij.openapi.progress.util.ProgressIndicatorUtilService.runActionAndCancelBeforeWrite(ProgressIndicatorUtilService.java:73)
    	at com.intellij.openapi.progress.util.ProgressIndicatorUtils.runActionAndCancelBeforeWrite(ProgressIndicatorUtils.java:152)
    	at com.intellij.openapi.progress.util.ProgressIndicatorUtils.lambda$runWithWriteActionPriority$1(ProgressIndicatorUtils.java:139)
    	at com.intellij.openapi.progress.ProgressManager.lambda$runProcess$0(ProgressManager.java:98)
    	at com.intellij.openapi.progress.impl.CoreProgressManager.lambda$runProcess$2(CoreProgressManager.java:256)
    	at com.intellij.openapi.progress.impl.CoreProgressManager.lambda$executeProcessUnderProgress$14(CoreProgressManager.java:717)
    	at com.intellij.openapi.progress.impl.CoreProgressManager.registerIndicatorAndRun(CoreProgressManager.java:792)
    	at com.intellij.openapi.progress.impl.CoreProgressManager.computeUnderProgress(CoreProgressManager.java:748)
    	at com.intellij.openapi.progress.impl.CoreProgressManager.executeProcessUnderProgress(CoreProgressManager.java:716)
    	at com.intellij.openapi.progress.impl.ProgressManagerImpl.executeProcessUnderProgress(ProgressManagerImpl.java:75)
    	at com.intellij.openapi.progress.impl.CoreProgressManager.runProcess(CoreProgressManager.java:240)
    	at com.intellij.openapi.progress.ProgressManager.runProcess(ProgressManager.java:98)
    	at com.intellij.openapi.progress.util.ProgressIndicatorUtils.runWithWriteActionPriority(ProgressIndicatorUtils.java:136)
    	at com.intellij.openapi.progress.util.ProgressIndicatorUtils.runInReadActionWithWriteActionPriority(ProgressIndicatorUtils.java:94)
    	at com.intellij.openapi.application.impl.NonBlockingReadActionImpl$Submission.attemptComputation(NonBlockingReadActionImpl.java:648)
    	at com.intellij.openapi.application.impl.NonBlockingReadActionImpl$Submission.lambda$transferToBgThread$1(NonBlockingReadActionImpl.java:529)
    	at com.intellij.concurrency.ThreadContext.installThreadContext(threadContext.kt:305)
    	at com.intellij.openapi.application.impl.NonBlockingReadActionImpl$Submission.lambda$transferToBgThread$2(NonBlockingReadActionImpl.java:529)
    	at java.base/java.util.concurrent.ThreadPoolExecutor.runWorker(ThreadPoolExecutor.java:1144)
    	at java.base/java.util.concurrent.ThreadPoolExecutor$Worker.run(ThreadPoolExecutor.java:642)
    	at java.base/java.util.concurrent.Executors$PrivilegedThreadFactory$1$1.run(Executors.java:735)
    	at java.base/java.util.concurrent.Executors$PrivilegedThreadFactory$1$1.run(Executors.java:732)
    	at java.base/java.security.AccessController.doPrivileged(AccessController.java:400)
    	at java.base/java.util.concurrent.Executors$PrivilegedThreadFactory$1.run(Executors.java:732)
    	at java.base/java.lang.Thread.run(Thread.java:1583)
    Caused by: com.intellij.diagnostic.PluginException: Cannot create class org.jetbrains.vuejs.lang.typescript.service.lsp.VueLspServerSupportProvider (classloader=com.intellij.util.lang.PathClassLoader@50040f0c) [Plugin: org.jetbrains.plugins.vue]
    	at com.intellij.serviceContainer.ComponentManagerImpl.doInstantiateClass(ComponentManagerImpl.kt:900)
    	at com.intellij.serviceContainer.ComponentManagerImpl.instantiateClass$lambda$1$0(ComponentManagerImpl.kt:875)
    	at com.intellij.concurrency.ThreadContext.installThreadContext(threadContext.kt:305)
    	at com.intellij.concurrency.ThreadContext.installThreadContext$default(threadContext.kt:303)
    	at com.intellij.serviceContainer.ComponentManagerImpl.instantiateClass$lambda$1(ComponentManagerImpl.kt:874)
    	at com.intellij.concurrency.ThreadContext.resetThreadContext(threadContext.kt:294)
    	at com.intellij.serviceContainer.ComponentManagerImpl.instantiateClass(ComponentManagerImpl.kt:873)
    	at com.intellij.openapi.extensions.impl.SimpleConstructorInjectionAdapter.instantiateClass(XmlExtensionAdapter.kt:102)
    	at com.intellij.openapi.extensions.impl.XmlExtensionAdapter.doCreateInstance(XmlExtensionAdapter.kt:52)
    	... 38 more
    Caused by: java.lang.NoClassDefFoundError: Could not initialize class org.jetbrains.vuejs.lang.typescript.service.VueLspServerActivationRule
    	at org.jetbrains.vuejs.lang.typescript.service.lsp.VueLspServerSupportProvider.<init>(VueLspServerSupportProvider.kt:19)
    	at com.intellij.serviceContainer.ComponentManagerImpl.findConstructorAndInstantiateClass(ComponentManagerImpl.kt:882)
    	at com.intellij.serviceContainer.ComponentManagerImpl.doInstantiateClass(ComponentManagerImpl.kt:891)
    	... 46 more
    Caused by: java.lang.ExceptionInInitializerError: Exception java.lang.ExceptionInInitializerError [in thread "ApplicationImpl pooled thread 6"]
    	at org.jetbrains.vuejs.lang.typescript.service.VueLspServerPackageDescriptor.<init>(VueServices.kt:37)
    	at org.jetbrains.vuejs.lang.typescript.service.VueLspServerPackageDescriptor.<clinit>(VueServices.kt)
    	at org.jetbrains.vuejs.lang.typescript.service.VueLspServerLoader.<init>(VueServices.kt:44)
    	at org.jetbrains.vuejs.lang.typescript.service.VueLspServerLoader.<clinit>(VueServices.kt)
    	at org.jetbrains.vuejs.lang.typescript.service.VueLspServerActivationRule.<init>(VueServices.kt:76)
    	at org.jetbrains.vuejs.lang.typescript.service.VueLspServerActivationRule.<clinit>(VueServices.kt)
    	... 49 more
    ERROR: Worker exited due to exception
    com.intellij.testFramework.TestLoggerFactory$TestLoggerAssertionError: Cannot create extension (class=org.jetbrains.vuejs.lang.typescript.service.lsp.VueLspServerSupportProvider) [Plugin: org.jetbrains.plugins.vue]
    	at com.intellij.testFramework.TestLoggerFactory$TestLogger.error(TestLoggerFactory.java:457)
    	at com.intellij.openapi.diagnostic.Logger.error(Logger.java:439)
    	at com.intellij.openapi.extensions.impl.ExtensionPointImpl.processAdapter(ExtensionPointImpl.kt:439)
    	at com.intellij.openapi.extensions.impl.ExtensionPointImpl.createExtensionInstances(ExtensionPointImpl.kt:377)
    	at com.intellij.openapi.extensions.impl.ExtensionPointImpl.getExtensionList(ExtensionPointImpl.kt:223)
    	at com.intellij.openapi.extensions.ExtensionPointName.getExtensionList(ExtensionPointName.kt:54)
    	at com.intellij.platform.lsp.impl.LspOpenedFilesService.d(LspOpenedFilesService.kt:61)
    	at com.intellij.openapi.application.impl.NonBlockingReadActionImpl$OTelMonitor.callWrapped(NonBlockingReadActionImpl.java:929)
    	at com.intellij.openapi.application.impl.NonBlockingReadActionImpl$OTelMonitor$MonitoredComputation.call(NonBlockingReadActionImpl.java:961)
    	at com.intellij.openapi.application.impl.NonBlockingReadActionImpl$Submission.insideReadAction(NonBlockingReadActionImpl.java:685)
    	at com.intellij.openapi.application.impl.NonBlockingReadActionImpl$Submission.lambda$attemptComputation$6(NonBlockingReadActionImpl.java:648)
    	at com.intellij.platform.locking.impl.NestedLocksThreadingSupport.tryRunReadAction(NestedLocksThreadingSupport.kt:902)
    	at com.intellij.openapi.application.impl.ApplicationImpl.tryRunReadAction(ApplicationImpl.java:1237)
    	at com.intellij.openapi.progress.util.ProgressIndicatorUtils.lambda$runInReadActionWithWriteActionPriority$0(ProgressIndicatorUtils.java:94)
    	at com.intellij.openapi.progress.util.ProgressIndicatorUtilService.runActionAndCancelBeforeWrite(ProgressIndicatorUtilService.java:73)
    	at com.intellij.openapi.progress.util.ProgressIndicatorUtils.runActionAndCancelBeforeWrite(ProgressIndicatorUtils.java:152)
    	at com.intellij.openapi.progress.util.ProgressIndicatorUtils.lambda$runWithWriteActionPriority$1(ProgressIndicatorUtils.java:139)
    	at com.intellij.openapi.progress.ProgressManager.lambda$runProcess$0(ProgressManager.java:98)
    	at com.intellij.openapi.progress.impl.CoreProgressManager.lambda$runProcess$2(CoreProgressManager.java:256)
    	at com.intellij.openapi.progress.impl.CoreProgressManager.lambda$executeProcessUnderProgress$14(CoreProgressManager.java:717)
    	at com.intellij.openapi.progress.impl.CoreProgressManager.registerIndicatorAndRun(CoreProgressManager.java:792)
    	at com.intellij.openapi.progress.impl.CoreProgressManager.computeUnderProgress(CoreProgressManager.java:748)
    	at com.intellij.openapi.progress.impl.CoreProgressManager.executeProcessUnderProgress(CoreProgressManager.java:716)
    	at com.intellij.openapi.progress.impl.ProgressManagerImpl.executeProcessUnderProgress(ProgressManagerImpl.java:75)
    	at com.intellij.openapi.progress.impl.CoreProgressManager.runProcess(CoreProgressManager.java:240)
    	at com.intellij.openapi.progress.ProgressManager.runProcess(ProgressManager.java:98)
    	at com.intellij.openapi.progress.util.ProgressIndicatorUtils.runWithWriteActionPriority(ProgressIndicatorUtils.java:136)
    	at com.intellij.openapi.progress.util.ProgressIndicatorUtils.runInReadActionWithWriteActionPriority(ProgressIndicatorUtils.java:94)
    	at com.intellij.openapi.application.impl.NonBlockingReadActionImpl$Submission.attemptComputation(NonBlockingReadActionImpl.java:648)
    	at com.intellij.openapi.application.impl.NonBlockingReadActionImpl$Submission.lambda$transferToBgThread$1(NonBlockingReadActionImpl.java:529)
    	at com.intellij.concurrency.ThreadContext.installThreadContext(threadContext.kt:305)
    	at com.intellij.openapi.application.impl.NonBlockingReadActionImpl$Submission.lambda$transferToBgThread$2(NonBlockingReadActionImpl.java:529)
    	at java.base/java.util.concurrent.ThreadPoolExecutor.runWorker(ThreadPoolExecutor.java:1144)
    	at java.base/java.util.concurrent.ThreadPoolExecutor$Worker.run(ThreadPoolExecutor.java:642)
    	at java.base/java.util.concurrent.Executors$PrivilegedThreadFactory$1$1.run(Executors.java:735)
    	at java.base/java.util.concurrent.Executors$PrivilegedThreadFactory$1$1.run(Executors.java:732)
    	at java.base/java.security.AccessController.doPrivileged(AccessController.java:400)
    	at java.base/java.util.concurrent.Executors$PrivilegedThreadFactory$1.run(Executors.java:732)
    	at java.base/java.lang.Thread.run(Thread.java:1583)
    Caused by: com.intellij.diagnostic.PluginException: Cannot create extension (class=org.jetbrains.vuejs.lang.typescript.service.lsp.VueLspServerSupportProvider) [Plugin: org.jetbrains.plugins.vue]
    	at com.intellij.serviceContainer.ComponentManagerImpl.createError(ComponentManagerImpl.kt:962)
    	at com.intellij.openapi.extensions.impl.XmlExtensionAdapter.doCreateInstance(XmlExtensionAdapter.kt:73)
    	at com.intellij.openapi.extensions.impl.XmlExtensionAdapter.createInstance(XmlExtensionAdapter.kt:33)
    	at com.intellij.openapi.extensions.impl.ExtensionPointImpl.processAdapter(ExtensionPointImpl.kt:404)
    	... 36 more
    Caused by: com.intellij.diagnostic.PluginException: Cannot create class org.jetbrains.vuejs.lang.typescript.service.lsp.VueLspServerSupportProvider (classloader=com.intellij.util.lang.PathClassLoader@50040f0c) [Plugin: org.jetbrains.plugins.vue]
    	at com.intellij.serviceContainer.ComponentManagerImpl.doInstantiateClass(ComponentManagerImpl.kt:900)
    	at com.intellij.serviceContainer.ComponentManagerImpl.instantiateClass$lambda$1$0(ComponentManagerImpl.kt:875)
    	at com.intellij.concurrency.ThreadContext.installThreadContext(threadContext.kt:305)
    	at com.intellij.concurrency.ThreadContext.installThreadContext$default(threadContext.kt:303)
    	at com.intellij.serviceContainer.ComponentManagerImpl.instantiateClass$lambda$1(ComponentManagerImpl.kt:874)
    	at com.intellij.concurrency.ThreadContext.resetThreadContext(threadContext.kt:294)
    	at com.intellij.serviceContainer.ComponentManagerImpl.instantiateClass(ComponentManagerImpl.kt:873)
    	at com.intellij.openapi.extensions.impl.SimpleConstructorInjectionAdapter.instantiateClass(XmlExtensionAdapter.kt:102)
    	at com.intellij.openapi.extensions.impl.XmlExtensionAdapter.doCreateInstance(XmlExtensionAdapter.kt:52)
    	... 38 more
    Caused by: java.lang.NoClassDefFoundError: Could not initialize class org.jetbrains.vuejs.lang.typescript.service.VueLspServerActivationRule
    	at org.jetbrains.vuejs.lang.typescript.service.lsp.VueLspServerSupportProvider.<init>(VueLspServerSupportProvider.kt:19)
    	at com.intellij.serviceContainer.ComponentManagerImpl.findConstructorAndInstantiateClass(ComponentManagerImpl.kt:882)
    	at com.intellij.serviceContainer.ComponentManagerImpl.doInstantiateClass(ComponentManagerImpl.kt:891)
    	... 46 more
    Caused by: java.lang.ExceptionInInitializerError: Exception java.lang.ExceptionInInitializerError [in thread "ApplicationImpl pooled thread 6"]
    	at org.jetbrains.vuejs.lang.typescript.service.VueLspServerPackageDescriptor.<init>(VueServices.kt:37)
    	at org.jetbrains.vuejs.lang.typescript.service.VueLspServerPackageDescriptor.<clinit>(VueServices.kt)
    	at org.jetbrains.vuejs.lang.typescript.service.VueLspServerLoader.<init>(VueServices.kt:44)
    	at org.jetbrains.vuejs.lang.typescript.service.VueLspServerLoader.<clinit>(VueServices.kt)
    	at org.jetbrains.vuejs.lang.typescript.service.VueLspServerActivationRule.<init>(VueServices.kt:76)
    	at org.jetbrains.vuejs.lang.typescript.service.VueLspServerActivationRule.<clinit>(VueServices.kt)
    	... 49 more
    Exception in thread "ApplicationImpl pooled thread 5" com.intellij.testFramework.TestLoggerFactory$TestLoggerAssertionError: Worker exited due to exception
    	at com.intellij.testFramework.TestLoggerFactory$TestLogger.error(TestLoggerFactory.java:457)
    	at com.intellij.openapi.diagnostic.Logger.error(Logger.java:426)
    	at com.intellij.util.concurrency.AppScheduledExecutorService$BackendThreadPoolExecutor.afterExecute(AppScheduledExecutorService.java:190)
    	at java.base/java.util.concurrent.ThreadPoolExecutor.runWorker(ThreadPoolExecutor.java:1147)
    	at java.base/java.util.concurrent.ThreadPoolExecutor$Worker.run(ThreadPoolExecutor.java:642)
    	at java.base/java.util.concurrent.Executors$PrivilegedThreadFactory$1$1.run(Executors.java:735)
    	at java.base/java.util.concurrent.Executors$PrivilegedThreadFactory$1$1.run(Executors.java:732)
    	at java.base/java.security.AccessController.doPrivileged(AccessController.java:400)
    	at java.base/java.util.concurrent.Executors$PrivilegedThreadFactory$1.run(Executors.java:732)
    	at java.base/java.lang.Thread.run(Thread.java:1583)
    Caused by: com.intellij.testFramework.TestLoggerFactory$TestLoggerAssertionError: Cannot create extension (class=org.jetbrains.vuejs.lang.typescript.service.lsp.VueLspServerSupportProvider) [Plugin: org.jetbrains.plugins.vue]
    	at com.intellij.testFramework.TestLoggerFactory$TestLogger.error(TestLoggerFactory.java:457)
    	at com.intellij.openapi.diagnostic.Logger.error(Logger.java:439)
    	at com.intellij.openapi.extensions.impl.ExtensionPointImpl.processAdapter(ExtensionPointImpl.kt:439)
    	at com.intellij.openapi.extensions.impl.ExtensionPointImpl.createExtensionInstances(ExtensionPointImpl.kt:377)
    	at com.intellij.openapi.extensions.impl.ExtensionPointImpl.getExtensionList(ExtensionPointImpl.kt:223)
    	at com.intellij.openapi.extensions.ExtensionPointName.getExtensionList(ExtensionPointName.kt:54)
    	at com.intellij.platform.lsp.impl.LspOpenedFilesService.d(LspOpenedFilesService.kt:61)
    	at com.intellij.openapi.application.impl.NonBlockingReadActionImpl$OTelMonitor.callWrapped(NonBlockingReadActionImpl.java:929)
    	at com.intellij.openapi.application.impl.NonBlockingReadActionImpl$OTelMonitor$MonitoredComputation.call(NonBlockingReadActionImpl.java:961)
    	at com.intellij.openapi.application.impl.NonBlockingReadActionImpl$Submission.insideReadAction(NonBlockingReadActionImpl.java:685)
    	at com.intellij.openapi.application.impl.NonBlockingReadActionImpl$Submission.lambda$attemptComputation$6(NonBlockingReadActionImpl.java:648)
    	at com.intellij.platform.locking.impl.NestedLocksThreadingSupport.tryRunReadAction(NestedLocksThreadingSupport.kt:902)
    	at com.intellij.openapi.application.impl.ApplicationImpl.tryRunReadAction(ApplicationImpl.java:1237)
    	at com.intellij.openapi.progress.util.ProgressIndicatorUtils.lambda$runInReadActionWithWriteActionPriority$0(ProgressIndicatorUtils.java:94)
    	at com.intellij.openapi.progress.util.ProgressIndicatorUtilService.runActionAndCancelBeforeWrite(ProgressIndicatorUtilService.java:73)
    	at com.intellij.openapi.progress.util.ProgressIndicatorUtils.runActionAndCancelBeforeWrite(ProgressIndicatorUtils.java:152)
    	at com.intellij.openapi.progress.util.ProgressIndicatorUtils.lambda$runWithWriteActionPriority$1(ProgressIndicatorUtils.java:139)
    	at com.intellij.openapi.progress.ProgressManager.lambda$runProcess$0(ProgressManager.java:98)
    	at com.intellij.openapi.progress.impl.CoreProgressManager.lambda$runProcess$2(CoreProgressManager.java:256)
    	at com.intellij.openapi.progress.impl.CoreProgressManager.lambda$executeProcessUnderProgress$14(CoreProgressManager.java:717)
    	at com.intellij.openapi.progress.impl.CoreProgressManager.registerIndicatorAndRun(CoreProgressManager.java:792)
    	at com.intellij.openapi.progress.impl.CoreProgressManager.computeUnderProgress(CoreProgressManager.java:748)
    	at com.intellij.openapi.progress.impl.CoreProgressManager.executeProcessUnderProgress(CoreProgressManager.java:716)
    	at com.intellij.openapi.progress.impl.ProgressManagerImpl.executeProcessUnderProgress(ProgressManagerImpl.java:75)
    	at com.intellij.openapi.progress.impl.CoreProgressManager.runProcess(CoreProgressManager.java:240)
    	at com.intellij.openapi.progress.ProgressManager.runProcess(ProgressManager.java:98)
    	at com.intellij.openapi.progress.util.ProgressIndicatorUtils.runWithWriteActionPriority(ProgressIndicatorUtils.java:136)
    	at com.intellij.openapi.progress.util.ProgressIndicatorUtils.runInReadActionWithWriteActionPriority(ProgressIndicatorUtils.java:94)
    	at com.intellij.openapi.application.impl.NonBlockingReadActionImpl$Submission.attemptComputation(NonBlockingReadActionImpl.java:648)
    	at com.intellij.openapi.application.impl.NonBlockingReadActionImpl$Submission.lambda$transferToBgThread$1(NonBlockingReadActionImpl.java:529)
    	at com.intellij.concurrency.ThreadContext.installThreadContext(threadContext.kt:305)
    	at com.intellij.openapi.application.impl.NonBlockingReadActionImpl$Submission.lambda$transferToBgThread$2(NonBlockingReadActionImpl.java:529)
    	at java.base/java.util.concurrent.ThreadPoolExecutor.runWorker(ThreadPoolExecutor.java:1144)
    	... 6 more
    Caused by: com.intellij.diagnostic.PluginException: Cannot create extension (class=org.jetbrains.vuejs.lang.typescript.service.lsp.VueLspServerSupportProvider) [Plugin: org.jetbrains.plugins.vue]
    	at com.intellij.serviceContainer.ComponentManagerImpl.createError(ComponentManagerImpl.kt:962)
    	at com.intellij.openapi.extensions.impl.XmlExtensionAdapter.doCreateInstance(XmlExtensionAdapter.kt:73)
    	at com.intellij.openapi.extensions.impl.XmlExtensionAdapter.createInstance(XmlExtensionAdapter.kt:33)
    	at com.intellij.openapi.extensions.impl.ExtensionPointImpl.processAdapter(ExtensionPointImpl.kt:404)
    	... 36 more
    Caused by: com.intellij.diagnostic.PluginException: Cannot create class org.jetbrains.vuejs.lang.typescript.service.lsp.VueLspServerSupportProvider (classloader=com.intellij.util.lang.PathClassLoader@50040f0c) [Plugin: org.jetbrains.plugins.vue]
    	at com.intellij.serviceContainer.ComponentManagerImpl.doInstantiateClass(ComponentManagerImpl.kt:900)
    	at com.intellij.serviceContainer.ComponentManagerImpl.instantiateClass$lambda$1$0(ComponentManagerImpl.kt:875)
    	at com.intellij.concurrency.ThreadContext.installThreadContext(threadContext.kt:305)
    	at com.intellij.concurrency.ThreadContext.installThreadContext$default(threadContext.kt:303)
    	at com.intellij.serviceContainer.ComponentManagerImpl.instantiateClass$lambda$1(ComponentManagerImpl.kt:874)
    	at com.intellij.concurrency.ThreadContext.resetThreadContext(threadContext.kt:294)
    	at com.intellij.serviceContainer.ComponentManagerImpl.instantiateClass(ComponentManagerImpl.kt:873)
    	at com.intellij.openapi.extensions.impl.SimpleConstructorInjectionAdapter.instantiateClass(XmlExtensionAdapter.kt:102)
    	at com.intellij.openapi.extensions.impl.XmlExtensionAdapter.doCreateInstance(XmlExtensionAdapter.kt:52)
    	... 38 more
    Caused by: java.lang.NoClassDefFoundError: Could not initialize class org.jetbrains.vuejs.lang.typescript.service.VueLspServerActivationRule
    	at org.jetbrains.vuejs.lang.typescript.service.lsp.VueLspServerSupportProvider.<init>(VueLspServerSupportProvider.kt:19)
    	at com.intellij.serviceContainer.ComponentManagerImpl.findConstructorAndInstantiateClass(ComponentManagerImpl.kt:882)
    	at com.intellij.serviceContainer.ComponentManagerImpl.doInstantiateClass(ComponentManagerImpl.kt:891)
    	... 46 more
    Caused by: java.lang.ExceptionInInitializerError: Exception java.lang.ExceptionInInitializerError [in thread "ApplicationImpl pooled thread 6"]
    	at org.jetbrains.vuejs.lang.typescript.service.VueLspServerPackageDescriptor.<init>(VueServices.kt:37)
    	at org.jetbrains.vuejs.lang.typescript.service.VueLspServerPackageDescriptor.<clinit>(VueServices.kt)
    	at org.jetbrains.vuejs.lang.typescript.service.VueLspServerLoader.<init>(VueServices.kt:44)
    	at org.jetbrains.vuejs.lang.typescript.service.VueLspServerLoader.<clinit>(VueServices.kt)
    	at org.jetbrains.vuejs.lang.typescript.service.VueLspServerActivationRule.<init>(VueServices.kt:76)
    	at org.jetbrains.vuejs.lang.typescript.service.VueLspServerActivationRule.<clinit>(VueServices.kt)
    	... 49 more
    ERROR: Unhandled exception in [Kernel@k1j4e93551725r363naj, Rete(abortOnError=false, commands=capacity=2147483647,data=[onReceive], reteState=kotlinx.coroutines.flow.StateFlowImpl@de11f0e, dbSource=ReteDbSource(reteState=kotlinx.coroutines.flow.StateFlowImpl@de11f0e)), DbSourceContextElement(kernel Kernel@k1j4e93551725r363naj), ComponentManager(ProjectImpl@1313317543), com.intellij.codeWithMe.ClientIdContextElementPrecursor@52962d20, CoroutineName(com.intellij.lang.javascript.service.ide.JSLanguageServiceFileEditorListener), Dispatchers.Default], interactive mode: false
    java.lang.NoClassDefFoundError: Could not initialize class org.jetbrains.vuejs.lang.typescript.service.VueLspServerActivationRule
    	at org.jetbrains.vuejs.lang.typescript.service.lsp.VueLspTypeScriptService.<init>(VueLspTypeScriptService.kt:28)
    	at org.jetbrains.vuejs.lang.typescript.service.VueLspServiceWrapper.<init>(VueLanguageServiceProvider.kt:59)
    	at java.base/java.lang.invoke.MethodHandle.invokeWithArguments(MethodHandle.java:733)
    	at com.intellij.platform.instanceContainer.instantiation.InstantiateKt.instantiate$lambda$0(instantiate.kt:46)
    	at com.intellij.platform.instanceContainer.instantiation.InstantiateKt.instantiate$lambda$3$0(instantiate.kt:288)
    	at com.intellij.platform.instanceContainer.instantiation.InstantiateKt.withStoredTemporaryContext(instantiate.kt:304)
    	at com.intellij.platform.instanceContainer.instantiation.InstantiateKt.instantiate(instantiate.kt:287)
    	at com.intellij.platform.instanceContainer.instantiation.InstantiateKt.instantiate(instantiate.kt:39)
    	at com.intellij.serviceContainer.LightServiceInstanceSupport$LightServiceInstanceInitializer.createInstance(LightServiceInstanceSupport.kt:43)
    	at com.intellij.platform.instanceContainer.internal.LazyInstanceHolder$initialize$1$1.invokeSuspend(LazyInstanceHolder.kt:165)
    	at com.intellij.platform.instanceContainer.internal.LazyInstanceHolder$initialize$1$1.invoke(LazyInstanceHolder.kt)
    	at com.intellij.platform.instanceContainer.internal.LazyInstanceHolder$initialize$1$1.invoke(LazyInstanceHolder.kt)
    	at kotlinx.coroutines.intrinsics.UndispatchedKt.startUndispatchedOrReturn(Undispatched.kt:44)
    	at kotlinx.coroutines.BuildersKt__Builders_commonKt.withContext(Builders.common.kt:166)
    	at kotlinx.coroutines.BuildersKt.withContext(Unknown Source)
    	at com.intellij.platform.instanceContainer.internal.LazyInstanceHolder$initialize$1.invokeSuspend(LazyInstanceHolder.kt:163)
    	at com.intellij.platform.instanceContainer.internal.LazyInstanceHolder$initialize$1.invoke(LazyInstanceHolder.kt)
    	at com.intellij.platform.instanceContainer.internal.LazyInstanceHolder$initialize$1.invoke(LazyInstanceHolder.kt)
    	at kotlinx.coroutines.intrinsics.UndispatchedKt.startCoroutineUndispatched(Undispatched.kt:20)
    	at kotlinx.coroutines.CoroutineStart.invoke(CoroutineStart.kt:360)
    	at kotlinx.coroutines.AbstractCoroutine.start(AbstractCoroutine.kt:134)
    	at kotlinx.coroutines.BuildersKt__Builders_commonKt.launch(Builders.common.kt:52)
    	at kotlinx.coroutines.BuildersKt.launch(Unknown Source)
    	at com.intellij.platform.instanceContainer.internal.LazyInstanceHolder.initialize(LazyInstanceHolder.kt:148)
    	at com.intellij.platform.instanceContainer.internal.LazyInstanceHolder.access$initialize(LazyInstanceHolder.kt:15)
    	at com.intellij.platform.instanceContainer.internal.LazyInstanceHolder.tryInitialize(LazyInstanceHolder.kt:138)
    	at com.intellij.platform.instanceContainer.internal.LazyInstanceHolder.getInstance(LazyInstanceHolder.kt:96)
    	at com.intellij.platform.instanceContainer.internal.LazyInstanceHolder.getInstanceInCallerContext$suspendImpl(LazyInstanceHolder.kt:88)
    	at com.intellij.platform.instanceContainer.internal.LazyInstanceHolder.getInstanceInCallerContext(LazyInstanceHolder.kt)
    	at com.intellij.serviceContainer.ComponentManagerImplKt$doGetOrCreateInstanceBlocking$1.invokeSuspend(ComponentManagerImpl.kt:1561)
    	at _COROUTINE._BOUNDARY._(CoroutineDebugging.kt:42)
    	at com.intellij.serviceContainer.ComponentManagerImplKt$doGetOrCreateInstanceBlocking$1.invokeSuspend(ComponentManagerImpl.kt:1561)
    	at com.intellij.lang.javascript.service.ide.JSLanguageServiceEditorListenerBase$1$1.invokeSuspend(JSLanguageServiceEditorListenerBase.kt:32)
    	at kotlinx.coroutines.TimeoutKt.withTimeoutOrNull(Timeout.kt:102)
    	at com.intellij.lang.javascript.service.ide.JSLanguageServiceEditorListenerBase$1.invokeSuspend(JSLanguageServiceEditorListenerBase.kt:31)
    Caused by: java.lang.NoClassDefFoundError: Could not initialize class org.jetbrains.vuejs.lang.typescript.service.VueLspServerActivationRule
    	at org.jetbrains.vuejs.lang.typescript.service.lsp.VueLspTypeScriptService.<init>(VueLspTypeScriptService.kt:28)
    	at org.jetbrains.vuejs.lang.typescript.service.VueLspServiceWrapper.<init>(VueLanguageServiceProvider.kt:59)
    	at java.base/java.lang.invoke.MethodHandle.invokeWithArguments(MethodHandle.java:733)
    	at com.intellij.platform.instanceContainer.instantiation.InstantiateKt.instantiate$lambda$0(instantiate.kt:46)
    	at com.intellij.platform.instanceContainer.instantiation.InstantiateKt.instantiate$lambda$3$0(instantiate.kt:288)
    	at com.intellij.platform.instanceContainer.instantiation.InstantiateKt.withStoredTemporaryContext(instantiate.kt:304)
    	at com.intellij.platform.instanceContainer.instantiation.InstantiateKt.instantiate(instantiate.kt:287)
    	at com.intellij.platform.instanceContainer.instantiation.InstantiateKt.instantiate(instantiate.kt:39)
    	at com.intellij.serviceContainer.LightServiceInstanceSupport$LightServiceInstanceInitializer.createInstance(LightServiceInstanceSupport.kt:43)
    	at com.intellij.platform.instanceContainer.internal.LazyInstanceHolder$initialize$1$1.invokeSuspend(LazyInstanceHolder.kt:165)
    	at com.intellij.platform.instanceContainer.internal.LazyInstanceHolder$initialize$1$1.invoke(LazyInstanceHolder.kt)
    	at com.intellij.platform.instanceContainer.internal.LazyInstanceHolder$initialize$1$1.invoke(LazyInstanceHolder.kt)
    	at kotlinx.coroutines.intrinsics.UndispatchedKt.startUndispatchedOrReturn(Undispatched.kt:44)
    	at kotlinx.coroutines.BuildersKt__Builders_commonKt.withContext(Builders.common.kt:166)
    	at kotlinx.coroutines.BuildersKt.withContext(Unknown Source)
    	at com.intellij.platform.instanceContainer.internal.LazyInstanceHolder$initialize$1.invokeSuspend(LazyInstanceHolder.kt:163)
    	at com.intellij.platform.instanceContainer.internal.LazyInstanceHolder$initialize$1.invoke(LazyInstanceHolder.kt)
    	at com.intellij.platform.instanceContainer.internal.LazyInstanceHolder$initialize$1.invoke(LazyInstanceHolder.kt)
    	at kotlinx.coroutines.intrinsics.UndispatchedKt.startCoroutineUndispatched(Undispatched.kt:20)
    	at kotlinx.coroutines.CoroutineStart.invoke(CoroutineStart.kt:360)
    	at kotlinx.coroutines.AbstractCoroutine.start(AbstractCoroutine.kt:134)
    	at kotlinx.coroutines.BuildersKt__Builders_commonKt.launch(Builders.common.kt:52)
    	at kotlinx.coroutines.BuildersKt.launch(Unknown Source)
    	at com.intellij.platform.instanceContainer.internal.LazyInstanceHolder.initialize(LazyInstanceHolder.kt:148)
    	at com.intellij.platform.instanceContainer.internal.LazyInstanceHolder.access$initialize(LazyInstanceHolder.kt:15)
    	at com.intellij.platform.instanceContainer.internal.LazyInstanceHolder.tryInitialize(LazyInstanceHolder.kt:138)
    	at com.intellij.platform.instanceContainer.internal.LazyInstanceHolder.getInstance(LazyInstanceHolder.kt:96)
    	at com.intellij.platform.instanceContainer.internal.LazyInstanceHolder.getInstanceInCallerContext$suspendImpl(LazyInstanceHolder.kt:88)
    	at com.intellij.platform.instanceContainer.internal.LazyInstanceHolder.getInstanceInCallerContext(LazyInstanceHolder.kt)
    	at com.intellij.serviceContainer.ComponentManagerImplKt$doGetOrCreateInstanceBlocking$1.invokeSuspend(ComponentManagerImpl.kt:1561)
    	at kotlin.coroutines.jvm.internal.BaseContinuationImpl.resumeWith(ContinuationImpl.kt:34)
    	at kotlinx.coroutines.DispatchedTask.run(DispatchedTask.kt:100)
    	at kotlinx.coroutines.EventLoopImplBase.processNextEvent(EventLoop.common.kt:263)
    	at kotlinx.coroutines.BlockingCoroutine.joinBlocking(Builders.kt:112)
    	at kotlinx.coroutines.BuildersKt__BuildersKt.runBlocking$BuildersKt__BuildersKt(Builders.kt:85)
    	at kotlinx.coroutines.BuildersKt__BuildersKt.runBlockingWithParallelismCompensation(Builders.kt:61)
    	at kotlinx.coroutines.BuildersKt.runBlockingWithParallelismCompensation(Unknown Source)
    	at kotlinx.coroutines.internal.intellij.IntellijCoroutines.runBlockingWithParallelismCompensation(intellij.kt:48)
    	at com.intellij.util.IntelliJCoroutinesFacade.runBlockingWithParallelismCompensation(IntelliJCoroutinesFacade.kt:35)
    	at com.intellij.serviceContainer.ComponentManagerImplKt.runBlockingInitialization$lambda$0(ComponentManagerImpl.kt:1692)
    	at com.intellij.openapi.progress.ContextKt.prepareThreadContext$lambda$0(context.kt:83)
    	at com.intellij.concurrency.ThreadContext.resetThreadContext(threadContext.kt:294)
    	at com.intellij.openapi.progress.ContextKt.prepareThreadContext(context.kt:82)
    	at com.intellij.serviceContainer.ComponentManagerImplKt.runBlockingInitialization(ComponentManagerImpl.kt:1677)
    	at com.intellij.serviceContainer.ComponentManagerImplKt.doGetOrCreateInstanceBlocking(ComponentManagerImpl.kt:1560)
    	at com.intellij.serviceContainer.ComponentManagerImplKt.getOrCreateInstanceBlocking(ComponentManagerImpl.kt:1549)
    	at com.intellij.serviceContainer.ComponentManagerImpl.doGetService(ComponentManagerImpl.kt:715)
    	at com.intellij.serviceContainer.ComponentManagerImpl.getService(ComponentManagerImpl.kt:653)
    	at org.jetbrains.vuejs.lang.typescript.service.VueLanguageServiceProvider.lspLanguageService_delegate$lambda$0(VueLanguageServiceProvider.kt:68)
    	at kotlin.SafePublicationLazyImpl.getValue(LazyJVM.kt:125)
    	at org.jetbrains.vuejs.lang.typescript.service.VueLanguageServiceProvider.getLspLanguageService(VueLanguageServiceProvider.kt:19)
    	at org.jetbrains.vuejs.lang.typescript.service.VueLanguageServiceProvider.getAllServices(VueLanguageServiceProvider.kt:24)
    	at com.intellij.lang.typescript.languageService.TypeScriptServiceProvider.getService(TypeScriptServiceProvider.kt:13)
    	at com.intellij.lang.typescript.languageService.TypeScriptServiceProvider.getService(TypeScriptServiceProvider.kt:8)
    	at com.intellij.lang.javascript.service.ide.JSLanguageServiceEditorListenerBase$1$1.invokeSuspend$lambda$0(JSLanguageServiceEditorListenerBase.kt:32)
    	at com.intellij.openapi.application.rw.InternalReadAction.insideReadAction(InternalReadAction.kt:111)
    	at com.intellij.openapi.application.rw.InternalReadAction.tryReadCancellable$lambda$0(InternalReadAction.kt:101)
    	at com.intellij.openapi.application.rw.CancellableReadActionKt.cancellableReadActionInternal$lambda$0$0$0(cancellableReadAction.kt:32)
    	at com.intellij.platform.locking.impl.NestedLocksThreadingSupport.tryRunReadAction(NestedLocksThreadingSupport.kt:902)
    	at com.intellij.openapi.application.impl.ApplicationImpl.tryRunReadAction(ApplicationImpl.java:1237)
    	at com.intellij.openapi.application.rw.CancellableReadActionKt.cancellableReadActionInternal$lambda$0$0(cancellableReadAction.kt:30)
    	at com.intellij.openapi.progress.util.ProgressIndicatorUtilService.runActionAndCancelBeforeWrite(ProgressIndicatorUtilService.java:73)
    	at com.intellij.openapi.progress.util.ProgressIndicatorUtils.runActionAndCancelBeforeWrite(ProgressIndicatorUtils.java:152)
    	at com.intellij.openapi.application.rw.CancellableReadActionKt.cancellableReadActionInternal$lambda$0(cancellableReadAction.kt:28)
    	at com.intellij.concurrency.ThreadContext.installThreadContext(threadContext.kt:305)
    	at com.intellij.concurrency.ThreadContext.installThreadContext$default(threadContext.kt:303)
    	at com.intellij.openapi.application.rw.CancellableReadActionKt.cancellableReadActionInternal(cancellableReadAction.kt:24)
    [  20007]   WARN - #c.i.o.f.i.EditorComposite - Attempting to remove component 'de.sasbe.subtabs.SidetabBarPanel[,0,0,0x0,invalid,layout=java.awt.BorderLayout,alignmentX=0.0,alignmentY=0.0,border=com.intellij.ui.border.CustomLineBorder@6a3bcaaf,flags=16777225,maximumSize=java.awt.Dimension[width=102,height=2147483647],minimumSize=java.awt.Dimension[width=48,height=0],preferredSize=java.awt.Dimension[width=102,height=1]]' from the editor 'Editor: file://C:/Users/SasBe/AppData/Local/Temp/unitTest_PrintFamiliaPerformanceReport_3JjhWdshbwlmEcuKBuLafLL61hG/app_3JjhYT2Q2cl6ZqnM4tjDsbKGiCX/product-list.component.ts',but the component has no parent
    java.lang.Throwable
    	at com.intellij.openapi.fileEditor.impl.EditorComposite.manageTopOrBottomComponent(EditorComposite.kt:574)
    	at com.intellij.openapi.fileEditor.impl.EditorComposite.removeTopComponent(EditorComposite.kt:555)
    	at com.intellij.openapi.fileEditor.impl.FileEditorManagerImpl.removeTopComponent(FileEditorManagerImpl.kt:1780)
    	at de.sasbe.subtabs.SidetabsManager.attachPanel(SidetabsManager.java:279)
    	at de.sasbe.subtabs.SidetabsManager.install(SidetabsManager.java:207)
    	at de.sasbe.subtabs.SidetabsManager.attachIfNeeded(SidetabsManager.java:43)
    	at de.sasbe.subtabs.ComponentSubtabsFileEditorListener.fileOpened(ComponentSubtabsFileEditorListener.java:44)
    	at com.intellij.util.messages.impl.MessageBusImplKt.invokeMethod(MessageBusImpl.kt:820)
    	at com.intellij.util.messages.impl.MessageBusImplKt.invokeListener(MessageBusImpl.kt:764)
    	at com.intellij.util.messages.impl.MessageBusImplKt.deliverMessage(MessageBusImpl.kt:503)
    	at com.intellij.util.messages.impl.MessageBusImplKt.pumpWaiting(MessageBusImpl.kt:482)
    	at com.intellij.util.messages.impl.MessageBusImplKt.access$pumpWaiting(MessageBusImpl.kt:1)
    	at com.intellij.util.messages.impl.MessagePublisher.invoke(MessageBusImpl.kt:545)
    	at jdk.proxy3/jdk.proxy3.$Proxy160.fileOpened(Unknown Source)
    	at com.intellij.openapi.fileEditor.impl.EditorComposite$handleModel$3$2.invokeSuspend$lambda$0(EditorComposite.kt:269)
    	at com.intellij.openapi.application.CoroutinesKt.writeIntentReadAction$lambda$0(coroutines.kt:324)
    	at com.intellij.openapi.application.impl.AppImplKt$rethrowCheckedExceptions$2.invoke(appImpl.kt:126)
    	at com.intellij.platform.locking.impl.NestedLocksThreadingSupport.doRunWriteIntentReadAction(NestedLocksThreadingSupport.kt:737)
    	at com.intellij.platform.locking.impl.NestedLocksThreadingSupport.runPreventiveWriteIntentReadAction(NestedLocksThreadingSupport.kt:711)
    	at com.intellij.openapi.application.rw.InternalReadAction.tryReadCancellable(InternalReadAction.kt:100)
    	at com.intellij.openapi.application.rw.InternalReadAction.tryReadAction(InternalReadAction.kt:86)
    	at com.intellij.openapi.application.rw.InternalReadAction.readLoop(InternalReadAction.kt:73)
    	at com.intellij.openapi.application.rw.InternalReadAction.access$readLoop(InternalReadAction.kt:15)
    	at com.intellij.openapi.application.rw.InternalReadAction$runReadAction$6.invokeSuspend(InternalReadAction.kt:52)
    	at com.intellij.openapi.application.rw.InternalReadAction$runReadAction$6.invoke(InternalReadAction.kt)
    	at com.intellij.openapi.application.rw.InternalReadAction$runReadAction$6.invoke(InternalReadAction.kt)
    	at com.intellij.platform.locking.impl.NestedLocksThreadingSupport.runWriteIntentReadAction(NestedLocksThreadingSupport.kt:665)
    	at com.intellij.openapi.application.impl.ApplicationImpl.runWriteIntentReadAction(ApplicationImpl.java:1185)
    	at com.intellij.openapi.application.CoroutinesKt.writeIntentReadAction(coroutines.kt:324)
    	at com.intellij.openapi.fileEditor.impl.EditorComposite$handleModel$3$2.invokeSuspend(EditorComposite.kt:268)
    	at kotlin.coroutines.jvm.internal.BaseContinuationImpl.resumeWith(ContinuationImpl.kt:34)
    	at kotlinx.coroutines.DispatchedTask.run(DispatchedTask.kt:100)
    	at com.intellij.openapi.application.TransactionGuardImpl$2.run(TransactionGuardImpl.java:224)
    	at com.intellij.openapi.application.impl.NonBlockingFlushQueue.runNextEvent$lambda$4(NonBlockingFlushQueue.kt:358)
    	at com.intellij.concurrency.ThreadContext.resetThreadContext(threadContext.kt:294)
    	at com.intellij.openapi.application.impl.NonBlockingFlushQueue.runNextEvent(NonBlockingFlushQueue.kt:357)
    	at com.intellij.openapi.application.impl.NonBlockingFlushQueue.flushNow(NonBlockingFlushQueue.kt:305)
    	at com.intellij.openapi.application.impl.NonBlockingFlushQueue.FLUSH_NOW$lambda$0(NonBlockingFlushQueue.kt:167)
    	at java.desktop/java.awt.event.InvocationEvent.dispatch(InvocationEvent.java:318)
    	at java.desktop/java.awt.EventQueue.dispatchEventImpl(EventQueue.java:781)
    	at java.desktop/java.awt.EventQueue$4.run(EventQueue.java:728)
    	at java.desktop/java.awt.EventQueue$4.run(EventQueue.java:722)
    	at java.base/java.security.AccessController.doPrivileged(AccessController.java:400)
    	at java.base/java.security.ProtectionDomain$JavaSecurityAccessImpl.doIntersectionPrivilege(ProtectionDomain.java:87)
    	at java.desktop/java.awt.EventQueue.dispatchEvent(EventQueue.java:750)
    	at com.intellij.ide.IdeEventQueue.defaultDispatchEvent(IdeEventQueue.kt:664)
    	at com.intellij.ide.IdeEventQueue._dispatchEvent(IdeEventQueue.kt:517)
    	at com.intellij.ide.IdeEventQueue.dispatchEvent$lambda$0$0$0(IdeEventQueue.kt:333)
    	at com.intellij.ide.IdeEventQueueKt.performActivity$lambda$1(IdeEventQueue.kt:1065)
    	at com.intellij.openapi.application.TransactionGuardImpl.performActivity(TransactionGuardImpl.java:117)
    	at com.intellij.ide.IdeEventQueueKt.performActivity(IdeEventQueue.kt:1065)
    	at com.intellij.ide.IdeEventQueue.dispatchEvent$lambda$0(IdeEventQueue.kt:331)
    	at com.intellij.ide.IdeEventQueue.dispatchEvent(IdeEventQueue.kt:371)
    	at com.intellij.testFramework.EdtTestUtilKt.dispatchNextEventIfAny$lambda$0(EdtTestUtil.kt:82)
    	at com.intellij.concurrency.ThreadContext.resetThreadContext(threadContext.kt:294)
    	at com.intellij.testFramework.EdtTestUtilKt.dispatchNextEventIfAny(EdtTestUtil.kt:73)
    	at kotlinx.coroutines.intrinsics.UndispatchedKt.startUndispatchedOrReturn(Undispatched.kt:44)
    	at kotlinx.coroutines.BuildersKt__Builders_commonKt.withContext(Builders.common.kt:166)
    	at kotlinx.coroutines.BuildersKt.withContext(Unknown Source)
    	at com.intellij.openapi.application.rw.InternalReadAction.runReadAction(InternalReadAction.kt:50)
    	at com.intellij.openapi.application.rw.PlatformReadWriteActionSupport.executeReadAction(PlatformReadWriteActionSupport.kt:66)
    	at com.intellij.openapi.application.ReadWriteActionSupport.executeReadAction$default(ReadWriteActionSupport.kt:15)
    	at com.intellij.openapi.application.CoroutinesKt.constrainedReadAction(coroutines.kt:60)
    	at com.intellij.openapi.application.CoroutinesKt.readAction(coroutines.kt:27)
    	at com.intellij.lang.javascript.service.ide.JSLanguageServiceEditorListenerBase$1$1.invokeSuspend(JSLanguageServiceEditorListenerBase.kt:32)
    	at com.intellij.lang.javascript.service.ide.JSLanguageServiceEditorListenerBase$1$1.invoke(JSLanguageServiceEditorListenerBase.kt)
    	at com.intellij.lang.javascript.service.ide.JSLanguageServiceEditorListenerBase$1$1.invoke(JSLanguageServiceEditorListenerBase.kt)
    	at com.intellij.testFramework.EdtTestUtilKt.dispatchAllEventsInIdeEventQueue$lambda$0(EdtTestUtil.kt:62)
    	at com.intellij.platform.locking.impl.NestedLocksThreadingSupport.releaseTheAcquiredWriteIntentLockThenExecuteActionAndTakeWriteIntentLockBack(NestedLocksThreadingSupport.kt:1652)
    	at com.intellij.openapi.application.impl.TestOnlyThreading.releaseTheAcquiredWriteIntentLockThenExecuteActionAndTakeWriteIntentLockBack(appImpl.kt:147)
    	at com.intellij.testFramework.EdtTestUtilKt.dispatchAllEventsInIdeEventQueue(EdtTestUtil.kt:60)
    	at com.intellij.testFramework.PlatformTestUtil.dispatchAllEventsInIdeEventQueue(PlatformTestUtil.java:548)
    	at de.sasbe.subtabs.RealEditorWindowTestCase.openAndSettle(RealEditorWindowTestCase.java:63)
    	at de.sasbe.subtabs.FamiliaPerformanceBenchmarkTest.measureSettingsChange(FamiliaPerformanceBenchmarkTest.java:202)
    	at de.sasbe.subtabs.FamiliaPerformanceBenchmarkTest.testPrintFamiliaPerformanceReport(FamiliaPerformanceBenchmarkTest.java:112)
    	at java.base/jdk.internal.reflect.DirectMethodHandleAccessor.invoke(DirectMethodHandleAccessor.java:103)
    	at kotlinx.coroutines.intrinsics.UndispatchedKt.startUndispatchedOrReturnIgnoreTimeout(Undispatched.kt:56)
    	at kotlinx.coroutines.TimeoutKt.setupTimeout(Timeout.kt:149)
    	at kotlinx.coroutines.TimeoutKt.withTimeoutOrNull(Timeout.kt:105)
    	at java.base/java.lang.reflect.Method.invoke(Method.java:580)
    	at junit.framework.TestCase.runTest(TestCase.java:177)
    	at com.intellij.testFramework.UsefulTestCase.lambda$runBare$12(UsefulTestCase.java:506)
    	at com.intellij.testFramework.UsefulTestCase.runTestRunnable(UsefulTestCase.java:431)
    	at com.intellij.testFramework.HeavyPlatformTestCase.runTestRunnable(HeavyPlatformTestCase.java:686)
    	at com.intellij.testFramework.HeavyPlatformTestCase.lambda$runBareImpl$26(HeavyPlatformTestCase.java:618)
    	at com.intellij.testFramework.TestLoggerKt$recordErrorsLoggedInTheCurrentThreadAndReportThemAsFailures$2.invoke(testLogger.kt:99)
    	at com.intellij.testFramework.TestLoggerKt$recordErrorsLoggedInTheCurrentThreadAndReportThemAsFailures$2.invoke(testLogger.kt:99)
    	at com.intellij.testFramework.TestLoggerKt.recordErrorsLoggedInTheCurrentThreadAndReportThemAsFailures(testLogger.kt:81)
    	at com.intellij.testFramework.TestLoggerKt.recordErrorsLoggedInTheCurrentThreadAndReportThemAsFailures(testLogger.kt:99)
    	at com.intellij.testFramework.UsefulTestCase.lambda$wrapTestRunnable$15(UsefulTestCase.java:538)
    	at com.intellij.openapi.application.impl.AppImplKt$rethrowCheckedExceptions$1.invoke(appImpl.kt:125)
    	at com.intellij.openapi.application.impl.AppImplKt$rethrowCheckedExceptions$1.invoke(appImpl.kt:125)
    	at com.intellij.platform.locking.impl.NestedLocksThreadingSupport.doRunWriteIntentReadAction(NestedLocksThreadingSupport.kt:737)
    	at com.intellij.platform.locking.impl.NestedLocksThreadingSupport.runPreventiveWriteIntentReadAction(NestedLocksThreadingSupport.kt:711)
    	at com.intellij.platform.locking.impl.NestedLocksThreadingSupport.runWriteIntentReadAction(NestedLocksThreadingSupport.kt:665)
    	at com.intellij.testFramework.EdtTestUtil.lambda$runInEdtAndWait$2(EdtTestUtil.java:79)
    	at com.intellij.lang.javascript.service.ide.JSLanguageServiceEditorListenerBase$1.invokeSuspend(JSLanguageServiceEditorListenerBase.kt:31)
    	at kotlin.coroutines.jvm.internal.BaseContinuationImpl.resumeWith(ContinuationImpl.kt:34)
    	at com.intellij.util.concurrency.ChildContext$runInChildContext$1.invoke(propagation.kt:167)
    	at com.intellij.util.concurrency.ChildContext$runInChildContext$1.invoke(propagation.kt:167)
    	at kotlinx.coroutines.DispatchedTask.run(DispatchedTask.kt:100)
    	at com.intellij.util.concurrency.ChildContext.runInChildContext(propagation.kt:173)
    	at com.intellij.util.concurrency.ChildContext.runInChildContext(propagation.kt:167)
    	at com.intellij.util.concurrency.ContextRunnable.lambda$run$0(ContextRunnable.java:26)
    	at kotlinx.coroutines.scheduling.CoroutineScheduler.runSafely(CoroutineScheduler.kt:610)
    	at com.intellij.concurrency.ThreadContext.resetThreadContext(threadContext.kt:294)
    	at com.intellij.util.concurrency.ContextRunnable.run(ContextRunnable.java:25)
    	at java.desktop/java.awt.event.InvocationEvent.dispatch(InvocationEvent.java:308)
    	at kotlinx.coroutines.scheduling.CoroutineScheduler$Worker.runDefaultDispatcherTask(CoroutineScheduler.kt:1194)
    	at java.desktop/java.awt.EventQueue.dispatchEventImpl(EventQueue.java:781)
    	at java.desktop/java.awt.EventQueue$4.run(EventQueue.java:728)
    	at kotlinx.coroutines.scheduling.CoroutineScheduler$Worker.executeTask(CoroutineScheduler.kt:906)
    	at java.desktop/java.awt.EventQueue$4.run(EventQueue.java:722)
    	at java.base/java.security.AccessController.doPrivileged(AccessController.java:400)
    	at java.base/java.security.ProtectionDomain$JavaSecurityAccessImpl.doIntersectionPrivilege(ProtectionDomain.java:87)
    	at kotlinx.coroutines.scheduling.CoroutineScheduler$Worker.runWorker(CoroutineScheduler.kt:775)
    	at java.desktop/java.awt.EventQueue.dispatchEvent(EventQueue.java:750)
    	at com.intellij.ide.IdeEventQueue.dispatchEvent(IdeEventQueue.kt:300)
    	at kotlinx.coroutines.scheduling.CoroutineScheduler$Worker.run(CoroutineScheduler.kt:762)
    	at java.desktop/java.awt.EventDispatchThread.pumpOneEventForFilters(EventDispatchThread.java:207)
    	at java.desktop/java.awt.EventDispatchThread.pumpEventsForFilter(EventDispatchThread.java:128)
    	at java.desktop/java.awt.EventDispatchThread.pumpEventsForHierarchy(EventDispatchThread.java:117)
    	at java.desktop/java.awt.EventDispatchThread.pumpEvents(EventDispatchThread.java:113)
    	at java.desktop/java.awt.EventDispatchThread.pumpEvents(EventDispatchThread.java:105)
    	at java.desktop/java.awt.EventDispatchThread.run(EventDispatchThread.java:92)
    Caused by: java.lang.ExceptionInInitializerError: Exception java.lang.ExceptionInInitializerError [in thread "ApplicationImpl pooled thread 6"]
    	at org.jetbrains.vuejs.lang.typescript.service.VueLspServerPackageDescriptor.<init>(VueServices.kt:37)
    	at org.jetbrains.vuejs.lang.typescript.service.VueLspServerPackageDescriptor.<clinit>(VueServices.kt)
    	at org.jetbrains.vuejs.lang.typescript.service.VueLspServerLoader.<init>(VueServices.kt:44)
    	at org.jetbrains.vuejs.lang.typescript.service.VueLspServerLoader.<clinit>(VueServices.kt)
    	at org.jetbrains.vuejs.lang.typescript.service.VueLspServerActivationRule.<init>(VueServices.kt:76)
    	at org.jetbrains.vuejs.lang.typescript.service.VueLspServerActivationRule.<clinit>(VueServices.kt)
    	at org.jetbrains.vuejs.lang.typescript.service.lsp.VueLspServerSupportProvider.<init>(VueLspServerSupportProvider.kt:19)
    	at com.intellij.serviceContainer.ComponentManagerImpl.findConstructorAndInstantiateClass(ComponentManagerImpl.kt:882)
    	at com.intellij.serviceContainer.ComponentManagerImpl.doInstantiateClass(ComponentManagerImpl.kt:891)
    	at com.intellij.serviceContainer.ComponentManagerImpl.instantiateClass$lambda$1$0(ComponentManagerImpl.kt:875)
    	at com.intellij.concurrency.ThreadContext.installThreadContext(threadContext.kt:305)
    	at com.intellij.concurrency.ThreadContext.installThreadContext$default(threadContext.kt:303)
    	at com.intellij.serviceContainer.ComponentManagerImpl.instantiateClass$lambda$1(ComponentManagerImpl.kt:874)
    	at com.intellij.concurrency.ThreadContext.resetThreadContext(threadContext.kt:294)
    	at com.intellij.serviceContainer.ComponentManagerImpl.instantiateClass(ComponentManagerImpl.kt:873)
    	at com.intellij.openapi.extensions.impl.SimpleConstructorInjectionAdapter.instantiateClass(XmlExtensionAdapter.kt:102)
    	at com.intellij.openapi.extensions.impl.XmlExtensionAdapter.doCreateInstance(XmlExtensionAdapter.kt:52)
    	at com.intellij.openapi.extensions.impl.XmlExtensionAdapter.createInstance(XmlExtensionAdapter.kt:33)
    	at com.intellij.openapi.extensions.impl.ExtensionPointImpl.processAdapter(ExtensionPointImpl.kt:404)
    	at com.intellij.openapi.extensions.impl.ExtensionPointImpl.createExtensionInstances(ExtensionPointImpl.kt:377)
    	at com.intellij.openapi.extensions.impl.ExtensionPointImpl.getExtensionList(ExtensionPointImpl.kt:223)
    	at com.intellij.openapi.extensions.ExtensionPointName.getExtensionList(ExtensionPointName.kt:54)
    	at com.intellij.platform.lsp.impl.LspOpenedFilesService.d(LspOpenedFilesService.kt:61)
    	at com.intellij.openapi.application.impl.NonBlockingReadActionImpl$OTelMonitor.callWrapped(NonBlockingReadActionImpl.java:929)
    	at com.intellij.openapi.application.impl.NonBlockingReadActionImpl$OTelMonitor$MonitoredComputation.call(NonBlockingReadActionImpl.java:961)
    	at com.intellij.openapi.application.impl.NonBlockingReadActionImpl$Submission.insideReadAction(NonBlockingReadActionImpl.java:685)
    	at com.intellij.openapi.application.impl.NonBlockingReadActionImpl$Submission.lambda$attemptComputation$6(NonBlockingReadActionImpl.java:648)
    	at com.intellij.platform.locking.impl.NestedLocksThreadingSupport.tryRunReadAction(NestedLocksThreadingSupport.kt:902)
    	at com.intellij.openapi.application.impl.ApplicationImpl.tryRunReadAction(ApplicationImpl.java:1237)
    	at com.intellij.openapi.progress.util.ProgressIndicatorUtils.lambda$runInReadActionWithWriteActionPriority$0(ProgressIndicatorUtils.java:94)
    	at com.intellij.openapi.progress.util.ProgressIndicatorUtilService.runActionAndCancelBeforeWrite(ProgressIndicatorUtilService.java:73)
    	at com.intellij.openapi.progress.util.ProgressIndicatorUtils.runActionAndCancelBeforeWrite(ProgressIndicatorUtils.java:152)
    	at com.intellij.openapi.progress.util.ProgressIndicatorUtils.lambda$runWithWriteActionPriority$1(ProgressIndicatorUtils.java:139)
    	at com.intellij.openapi.progress.ProgressManager.lambda$runProcess$0(ProgressManager.java:98)
    	at com.intellij.openapi.progress.impl.CoreProgressManager.lambda$runProcess$2(CoreProgressManager.java:256)
    	at com.intellij.openapi.progress.impl.CoreProgressManager.lambda$executeProcessUnderProgress$14(CoreProgressManager.java:717)
    	at com.intellij.openapi.progress.impl.CoreProgressManager.registerIndicatorAndRun(CoreProgressManager.java:792)
    	at com.intellij.openapi.progress.impl.CoreProgressManager.computeUnderProgress(CoreProgressManager.java:748)
    	at com.intellij.openapi.progress.impl.CoreProgressManager.executeProcessUnderProgress(CoreProgressManager.java:716)
    	at com.intellij.openapi.progress.impl.ProgressManagerImpl.executeProcessUnderProgress(ProgressManagerImpl.java:75)
    	at com.intellij.openapi.progress.impl.CoreProgressManager.runProcess(CoreProgressManager.java:240)
    	at com.intellij.openapi.progress.ProgressManager.runProcess(ProgressManager.java:98)
    	at com.intellij.openapi.progress.util.ProgressIndicatorUtils.runWithWriteActionPriority(ProgressIndicatorUtils.java:136)
    	at com.intellij.openapi.progress.util.ProgressIndicatorUtils.runInReadActionWithWriteActionPriority(ProgressIndicatorUtils.java:94)
    	at com.intellij.openapi.application.impl.NonBlockingReadActionImpl$Submission.attemptComputation(NonBlockingReadActionImpl.java:648)
    	at com.intellij.openapi.application.impl.NonBlockingReadActionImpl$Submission.lambda$transferToBgThread$1(NonBlockingReadActionImpl.java:529)
    	at com.intellij.concurrency.ThreadContext.installThreadContext(threadContext.kt:305)
    	at com.intellij.openapi.application.impl.NonBlockingReadActionImpl$Submission.lambda$transferToBgThread$2(NonBlockingReadActionImpl.java:529)
    	at java.base/java.util.concurrent.ThreadPoolExecutor.runWorker(ThreadPoolExecutor.java:1144)
    	at java.base/java.util.concurrent.ThreadPoolExecutor$Worker.run(ThreadPoolExecutor.java:642)
    	at java.base/java.util.concurrent.Executors$PrivilegedThreadFactory$1$1.run(Executors.java:735)
    	at java.base/java.util.concurrent.Executors$PrivilegedThreadFactory$1$1.run(Executors.java:732)
    	at java.base/java.security.AccessController.doPrivileged(AccessController.java:400)
    	at java.base/java.util.concurrent.Executors$PrivilegedThreadFactory$1.run(Executors.java:732)
    	at java.base/java.lang.Thread.run(Thread.java:1583)
    ERROR: Uncaught exception. Context=[Kernel@k1j4e93551725r363naj, Rete(abortOnError=false, commands=capacity=2147483647,data=[onReceive], reteState=kotlinx.coroutines.flow.StateFlowImpl@de11f0e, dbSource=ReteDbSource(reteState=kotlinx.coroutines.flow.StateFlowImpl@de11f0e)), DbSourceContextElement(kernel Kernel@k1j4e93551725r363naj), ComponentManager(ProjectImpl@1313317543), com.intellij.codeWithMe.ClientIdContextElementPrecursor@52962d20, CoroutineName(com.intellij.lang.javascript.service.ide.JSLanguageServiceFileEditorListener), CoroutineId(2586), "com.intellij.lang.javascript.service.ide.JSLanguageServiceFileEditorListener#2586":StandaloneCoroutine{Cancelling}@27858e5b, Dispatchers.Default]
    java.lang.NoClassDefFoundError: Could not initialize class org.jetbrains.vuejs.lang.typescript.service.VueLspServerActivationRule
    	at org.jetbrains.vuejs.lang.typescript.service.lsp.VueLspTypeScriptService.<init>(VueLspTypeScriptService.kt:28)
    	at org.jetbrains.vuejs.lang.typescript.service.VueLspServiceWrapper.<init>(VueLanguageServiceProvider.kt:59)
    	at java.base/java.lang.invoke.MethodHandle.invokeWithArguments(MethodHandle.java:733)
    	at com.intellij.platform.instanceContainer.instantiation.InstantiateKt.instantiate$lambda$0(instantiate.kt:46)
    	at com.intellij.platform.instanceContainer.instantiation.InstantiateKt.instantiate$lambda$3$0(instantiate.kt:288)
    	at com.intellij.platform.instanceContainer.instantiation.InstantiateKt.withStoredTemporaryContext(instantiate.kt:304)
    	at com.intellij.platform.instanceContainer.instantiation.InstantiateKt.instantiate(instantiate.kt:287)
    	at com.intellij.platform.instanceContainer.instantiation.InstantiateKt.instantiate(instantiate.kt:39)
    	at com.intellij.serviceContainer.LightServiceInstanceSupport$LightServiceInstanceInitializer.createInstance(LightServiceInstanceSupport.kt:43)
    	at com.intellij.platform.instanceContainer.internal.LazyInstanceHolder$initialize$1$1.invokeSuspend(LazyInstanceHolder.kt:165)
    	at com.intellij.platform.instanceContainer.internal.LazyInstanceHolder$initialize$1$1.invoke(LazyInstanceHolder.kt)
    	at com.intellij.platform.instanceContainer.internal.LazyInstanceHolder$initialize$1$1.invoke(LazyInstanceHolder.kt)
    	at kotlinx.coroutines.intrinsics.UndispatchedKt.startUndispatchedOrReturn(Undispatched.kt:44)
    	at kotlinx.coroutines.BuildersKt__Builders_commonKt.withContext(Builders.common.kt:166)
    	at kotlinx.coroutines.BuildersKt.withContext(Unknown Source)
    	at com.intellij.platform.instanceContainer.internal.LazyInstanceHolder$initialize$1.invokeSuspend(LazyInstanceHolder.kt:163)
    	at com.intellij.platform.instanceContainer.internal.LazyInstanceHolder$initialize$1.invoke(LazyInstanceHolder.kt)
    	at com.intellij.platform.instanceContainer.internal.LazyInstanceHolder$initialize$1.invoke(LazyInstanceHolder.kt)
    	at kotlinx.coroutines.intrinsics.UndispatchedKt.startCoroutineUndispatched(Undispatched.kt:20)
    	at kotlinx.coroutines.CoroutineStart.invoke(CoroutineStart.kt:360)
    	at kotlinx.coroutines.AbstractCoroutine.start(AbstractCoroutine.kt:134)
    	at kotlinx.coroutines.BuildersKt__Builders_commonKt.launch(Builders.common.kt:52)
    	at kotlinx.coroutines.BuildersKt.launch(Unknown Source)
    	at com.intellij.platform.instanceContainer.internal.LazyInstanceHolder.initialize(LazyInstanceHolder.kt:148)
    	at com.intellij.platform.instanceContainer.internal.LazyInstanceHolder.access$initialize(LazyInstanceHolder.kt:15)
    	at com.intellij.platform.instanceContainer.internal.LazyInstanceHolder.tryInitialize(LazyInstanceHolder.kt:138)
    	at com.intellij.platform.instanceContainer.internal.LazyInstanceHolder.getInstance(LazyInstanceHolder.kt:96)
    	at com.intellij.platform.instanceContainer.internal.LazyInstanceHolder.getInstanceInCallerContext$suspendImpl(LazyInstanceHolder.kt:88)
    	at com.intellij.platform.instanceContainer.internal.LazyInstanceHolder.getInstanceInCallerContext(LazyInstanceHolder.kt)
    	at com.intellij.serviceContainer.ComponentManagerImplKt$doGetOrCreateInstanceBlocking$1.invokeSuspend(ComponentManagerImpl.kt:1561)
    	at _COROUTINE._BOUNDARY._(CoroutineDebugging.kt:42)
    	at com.intellij.serviceContainer.ComponentManagerImplKt$doGetOrCreateInstanceBlocking$1.invokeSuspend(ComponentManagerImpl.kt:1561)
    	at com.intellij.lang.javascript.service.ide.JSLanguageServiceEditorListenerBase$1$1.invokeSuspend(JSLanguageServiceEditorListenerBase.kt:32)
    	at kotlinx.coroutines.TimeoutKt.withTimeoutOrNull(Timeout.kt:102)
    	at com.intellij.lang.javascript.service.ide.JSLanguageServiceEditorListenerBase$1.invokeSuspend(JSLanguageServiceEditorListenerBase.kt:31)
    Caused by: java.lang.NoClassDefFoundError: Could not initialize class org.jetbrains.vuejs.lang.typescript.service.VueLspServerActivationRule
    	at org.jetbrains.vuejs.lang.typescript.service.lsp.VueLspTypeScriptService.<init>(VueLspTypeScriptService.kt:28)
    	at org.jetbrains.vuejs.lang.typescript.service.VueLspServiceWrapper.<init>(VueLanguageServiceProvider.kt:59)
    	at java.base/java.lang.invoke.MethodHandle.invokeWithArguments(MethodHandle.java:733)
    	at com.intellij.platform.instanceContainer.instantiation.InstantiateKt.instantiate$lambda$0(instantiate.kt:46)
    	at com.intellij.platform.instanceContainer.instantiation.InstantiateKt.instantiate$lambda$3$0(instantiate.kt:288)
    	at com.intellij.platform.instanceContainer.instantiation.InstantiateKt.withStoredTemporaryContext(instantiate.kt:304)
    	at com.intellij.platform.instanceContainer.instantiation.InstantiateKt.instantiate(instantiate.kt:287)
    	at com.intellij.platform.instanceContainer.instantiation.InstantiateKt.instantiate(instantiate.kt:39)
    	at com.intellij.serviceContainer.LightServiceInstanceSupport$LightServiceInstanceInitializer.createInstance(LightServiceInstanceSupport.kt:43)
    	at com.intellij.platform.instanceContainer.internal.LazyInstanceHolder$initialize$1$1.invokeSuspend(LazyInstanceHolder.kt:165)
    	at com.intellij.platform.instanceContainer.internal.LazyInstanceHolder$initialize$1$1.invoke(LazyInstanceHolder.kt)
    	at com.intellij.platform.instanceContainer.internal.LazyInstanceHolder$initialize$1$1.invoke(LazyInstanceHolder.kt)
    	at kotlinx.coroutines.intrinsics.UndispatchedKt.startUndispatchedOrReturn(Undispatched.kt:44)
    	at kotlinx.coroutines.BuildersKt__Builders_commonKt.withContext(Builders.common.kt:166)
    	at kotlinx.coroutines.BuildersKt.withContext(Unknown Source)
    	at com.intellij.platform.instanceContainer.internal.LazyInstanceHolder$initialize$1.invokeSuspend(LazyInstanceHolder.kt:163)
    	at com.intellij.platform.instanceContainer.internal.LazyInstanceHolder$initialize$1.invoke(LazyInstanceHolder.kt)
    	at com.intellij.platform.instanceContainer.internal.LazyInstanceHolder$initialize$1.invoke(LazyInstanceHolder.kt)
    	at kotlinx.coroutines.intrinsics.UndispatchedKt.startCoroutineUndispatched(Undispatched.kt:20)
    	at kotlinx.coroutines.CoroutineStart.invoke(CoroutineStart.kt:360)
    	at kotlinx.coroutines.AbstractCoroutine.start(AbstractCoroutine.kt:134)
    	at kotlinx.coroutines.BuildersKt__Builders_commonKt.launch(Builders.common.kt:52)
    	at kotlinx.coroutines.BuildersKt.launch(Unknown Source)
    	at com.intellij.platform.instanceContainer.internal.LazyInstanceHolder.initialize(LazyInstanceHolder.kt:148)
    	at com.intellij.platform.instanceContainer.internal.LazyInstanceHolder.access$initialize(LazyInstanceHolder.kt:15)
    	at com.intellij.platform.instanceContainer.internal.LazyInstanceHolder.tryInitialize(LazyInstanceHolder.kt:138)
    	at com.intellij.platform.instanceContainer.internal.LazyInstanceHolder.getInstance(LazyInstanceHolder.kt:96)
    	at com.intellij.platform.instanceContainer.internal.LazyInstanceHolder.getInstanceInCallerContext$suspendImpl(LazyInstanceHolder.kt:88)
    	at com.intellij.platform.instanceContainer.internal.LazyInstanceHolder.getInstanceInCallerContext(LazyInstanceHolder.kt)
    	at com.intellij.serviceContainer.ComponentManagerImplKt$doGetOrCreateInstanceBlocking$1.invokeSuspend(ComponentManagerImpl.kt:1561)
    	at kotlin.coroutines.jvm.internal.BaseContinuationImpl.resumeWith(ContinuationImpl.kt:34)
    	at kotlinx.coroutines.DispatchedTask.run(DispatchedTask.kt:100)
    	at kotlinx.coroutines.EventLoopImplBase.processNextEvent(EventLoop.common.kt:263)
    	at kotlinx.coroutines.BlockingCoroutine.joinBlocking(Builders.kt:112)
    	at kotlinx.coroutines.BuildersKt__BuildersKt.runBlocking$BuildersKt__BuildersKt(Builders.kt:85)
    	at kotlinx.coroutines.BuildersKt__BuildersKt.runBlockingWithParallelismCompensation(Builders.kt:61)
    	at kotlinx.coroutines.BuildersKt.runBlockingWithParallelismCompensation(Unknown Source)
    	at kotlinx.coroutines.internal.intellij.IntellijCoroutines.runBlockingWithParallelismCompensation(intellij.kt:48)
    	at com.intellij.util.IntelliJCoroutinesFacade.runBlockingWithParallelismCompensation(IntelliJCoroutinesFacade.kt:35)
    	at com.intellij.serviceContainer.ComponentManagerImplKt.runBlockingInitialization$lambda$0(ComponentManagerImpl.kt:1692)
    	at com.intellij.openapi.progress.ContextKt.prepareThreadContext$lambda$0(context.kt:83)
    	at com.intellij.concurrency.ThreadContext.resetThreadContext(threadContext.kt:294)
    	at com.intellij.openapi.progress.ContextKt.prepareThreadContext(context.kt:82)
    	at com.intellij.serviceContainer.ComponentManagerImplKt.runBlockingInitialization(ComponentManagerImpl.kt:1677)
    	at com.intellij.serviceContainer.ComponentManagerImplKt.doGetOrCreateInstanceBlocking(ComponentManagerImpl.kt:1560)
    	at com.intellij.serviceContainer.ComponentManagerImplKt.getOrCreateInstanceBlocking(ComponentManagerImpl.kt:1549)
    	at com.intellij.serviceContainer.ComponentManagerImpl.doGetService(ComponentManagerImpl.kt:715)
    	at com.intellij.serviceContainer.ComponentManagerImpl.getService(ComponentManagerImpl.kt:653)
    	at org.jetbrains.vuejs.lang.typescript.service.VueLanguageServiceProvider.lspLanguageService_delegate$lambda$0(VueLanguageServiceProvider.kt:68)
    	at kotlin.SafePublicationLazyImpl.getValue(LazyJVM.kt:125)
    	at org.jetbrains.vuejs.lang.typescript.service.VueLanguageServiceProvider.getLspLanguageService(VueLanguageServiceProvider.kt:19)
    	at org.jetbrains.vuejs.lang.typescript.service.VueLanguageServiceProvider.getAllServices(VueLanguageServiceProvider.kt:24)
    	at com.intellij.lang.typescript.languageService.TypeScriptServiceProvider.getService(TypeScriptServiceProvider.kt:13)
    	at com.intellij.lang.typescript.languageService.TypeScriptServiceProvider.getService(TypeScriptServiceProvider.kt:8)
    	at com.intellij.lang.javascript.service.ide.JSLanguageServiceEditorListenerBase$1$1.invokeSuspend$lambda$0(JSLanguageServiceEditorListenerBase.kt:32)
    	at com.intellij.openapi.application.rw.InternalReadAction.insideReadAction(InternalReadAction.kt:111)
    	at com.intellij.openapi.application.rw.InternalReadAction.tryReadCancellable$lambda$0(InternalReadAction.kt:101)
    	at com.intellij.openapi.application.rw.CancellableReadActionKt.cancellableReadActionInternal$lambda$0$0$0(cancellableReadAction.kt:32)
    	at com.intellij.platform.locking.impl.NestedLocksThreadingSupport.tryRunReadAction(NestedLocksThreadingSupport.kt:902)
    	at com.intellij.openapi.application.impl.ApplicationImpl.tryRunReadAction(ApplicationImpl.java:1237)
    	at com.intellij.openapi.application.rw.CancellableReadActionKt.cancellableReadActionInternal$lambda$0$0(cancellableReadAction.kt:30)
    	at com.intellij.openapi.progress.util.ProgressIndicatorUtilService.runActionAndCancelBeforeWrite(ProgressIndicatorUtilService.java:73)
    	at com.intellij.openapi.progress.util.ProgressIndicatorUtils.runActionAndCancelBeforeWrite(ProgressIndicatorUtils.java:152)
    	at com.intellij.openapi.application.rw.CancellableReadActionKt.cancellableReadActionInternal$lambda$0(cancellableReadAction.kt:28)
    	at com.intellij.concurrency.ThreadContext.installThreadContext(threadContext.kt:305)
    	at com.intellij.concurrency.ThreadContext.installThreadContext$default(threadContext.kt:303)
    	at com.intellij.openapi.application.rw.CancellableReadActionKt.cancellableReadActionInternal(cancellableReadAction.kt:24)
    	at com.intellij.openapi.application.rw.InternalReadAction.tryReadCancellable(InternalReadAction.kt:100)
    	at com.intellij.openapi.application.rw.InternalReadAction.tryReadAction(InternalReadAction.kt:86)
    	at com.intellij.openapi.application.rw.InternalReadAction.readLoop(InternalReadAction.kt:73)
    	at com.intellij.openapi.application.rw.InternalReadAction.access$readLoop(InternalReadAction.kt:15)
    	at com.intellij.openapi.application.rw.InternalReadAction$runReadAction$6.invokeSuspend(InternalReadAction.kt:52)
    	at com.intellij.openapi.application.rw.InternalReadAction$runReadAction$6.invoke(InternalReadAction.kt)
    	at com.intellij.openapi.application.rw.InternalReadAction$runReadAction$6.invoke(InternalReadAction.kt)
    	at kotlinx.coroutines.intrinsics.UndispatchedKt.startUndispatchedOrReturn(Undispatched.kt:44)
    	at kotlinx.coroutines.BuildersKt__Builders_commonKt.withContext(Builders.common.kt:166)
    	at kotlinx.coroutines.BuildersKt.withContext(Unknown Source)
    	at com.intellij.openapi.application.rw.InternalReadAction.runReadAction(InternalReadAction.kt:50)
    	at com.intellij.openapi.application.rw.PlatformReadWriteActionSupport.executeReadAction(PlatformReadWriteActionSupport.kt:66)
    	at com.intellij.openapi.application.ReadWriteActionSupport.executeReadAction$default(ReadWriteActionSupport.kt:15)
    	at com.intellij.openapi.application.CoroutinesKt.constrainedReadAction(coroutines.kt:60)
    	at com.intellij.openapi.application.CoroutinesKt.readAction(coroutines.kt:27)
    	at com.intellij.lang.javascript.service.ide.JSLanguageServiceEditorListenerBase$1$1.invokeSuspend(JSLanguageServiceEditorListenerBase.kt:32)
    	at com.intellij.lang.javascript.service.ide.JSLanguageServiceEditorListenerBase$1$1.invoke(JSLanguageServiceEditorListenerBase.kt)
    	at com.intellij.lang.javascript.service.ide.JSLanguageServiceEditorListenerBase$1$1.invoke(JSLanguageServiceEditorListenerBase.kt)
    	at kotlinx.coroutines.intrinsics.UndispatchedKt.startUndispatchedOrReturnIgnoreTimeout(Undispatched.kt:56)
    	at kotlinx.coroutines.TimeoutKt.setupTimeout(Timeout.kt:149)
    	at kotlinx.coroutines.TimeoutKt.withTimeoutOrNull(Timeout.kt:105)
    	at com.intellij.lang.javascript.service.ide.JSLanguageServiceEditorListenerBase$1.invokeSuspend(JSLanguageServiceEditorListenerBase.kt:31)
    	at kotlin.coroutines.jvm.internal.BaseContinuationImpl.resumeWith(ContinuationImpl.kt:34)
    	at kotlinx.coroutines.DispatchedTask.run(DispatchedTask.kt:100)
    	at kotlinx.coroutines.scheduling.CoroutineScheduler.runSafely(CoroutineScheduler.kt:610)
    	at kotlinx.coroutines.scheduling.CoroutineScheduler$Worker.runDefaultDispatcherTask(CoroutineScheduler.kt:1194)
    	at kotlinx.coroutines.scheduling.CoroutineScheduler$Worker.executeTask(CoroutineScheduler.kt:906)
    	at kotlinx.coroutines.scheduling.CoroutineScheduler$Worker.runWorker(CoroutineScheduler.kt:775)
    	at kotlinx.coroutines.scheduling.CoroutineScheduler$Worker.run(CoroutineScheduler.kt:762)
    Caused by: java.lang.ExceptionInInitializerError: Exception java.lang.ExceptionInInitializerError [in thread "ApplicationImpl pooled thread 6"]
    	at org.jetbrains.vuejs.lang.typescript.service.VueLspServerPackageDescriptor.<init>(VueServices.kt:37)
    	at org.jetbrains.vuejs.lang.typescript.service.VueLspServerPackageDescriptor.<clinit>(VueServices.kt)
    	at org.jetbrains.vuejs.lang.typescript.service.VueLspServerLoader.<init>(VueServices.kt:44)
    	at org.jetbrains.vuejs.lang.typescript.service.VueLspServerLoader.<clinit>(VueServices.kt)
    	at org.jetbrains.vuejs.lang.typescript.service.VueLspServerActivationRule.<init>(VueServices.kt:76)
    	at org.jetbrains.vuejs.lang.typescript.service.VueLspServerActivationRule.<clinit>(VueServices.kt)
    	at org.jetbrains.vuejs.lang.typescript.service.lsp.VueLspServerSupportProvider.<init>(VueLspServerSupportProvider.kt:19)
    	at com.intellij.serviceContainer.ComponentManagerImpl.findConstructorAndInstantiateClass(ComponentManagerImpl.kt:882)
    	at com.intellij.serviceContainer.ComponentManagerImpl.doInstantiateClass(ComponentManagerImpl.kt:891)
    	at com.intellij.serviceContainer.ComponentManagerImpl.instantiateClass$lambda$1$0(ComponentManagerImpl.kt:875)
    	at com.intellij.concurrency.ThreadContext.installThreadContext(threadContext.kt:305)
    	at com.intellij.concurrency.ThreadContext.installThreadContext$default(threadContext.kt:303)
    	at com.intellij.serviceContainer.ComponentManagerImpl.instantiateClass$lambda$1(ComponentManagerImpl.kt:874)
    	at com.intellij.concurrency.ThreadContext.resetThreadContext(threadContext.kt:294)
    	at com.intellij.serviceContainer.ComponentManagerImpl.instantiateClass(ComponentManagerImpl.kt:873)
    	at com.intellij.openapi.extensions.impl.SimpleConstructorInjectionAdapter.instantiateClass(XmlExtensionAdapter.kt:102)
    	at com.intellij.openapi.extensions.impl.XmlExtensionAdapter.doCreateInstance(XmlExtensionAdapter.kt:52)
    	at com.intellij.openapi.extensions.impl.XmlExtensionAdapter.createInstance(XmlExtensionAdapter.kt:33)
    	at com.intellij.openapi.extensions.impl.ExtensionPointImpl.processAdapter(ExtensionPointImpl.kt:404)
    	at com.intellij.openapi.extensions.impl.ExtensionPointImpl.createExtensionInstances(ExtensionPointImpl.kt:377)
    	at com.intellij.openapi.extensions.impl.ExtensionPointImpl.getExtensionList(ExtensionPointImpl.kt:223)
    	at com.intellij.openapi.extensions.ExtensionPointName.getExtensionList(ExtensionPointName.kt:54)
    	at com.intellij.platform.lsp.impl.LspOpenedFilesService.d(LspOpenedFilesService.kt:61)
    	at com.intellij.openapi.application.impl.NonBlockingReadActionImpl$OTelMonitor.callWrapped(NonBlockingReadActionImpl.java:929)
    	at com.intellij.openapi.application.impl.NonBlockingReadActionImpl$OTelMonitor$MonitoredComputation.call(NonBlockingReadActionImpl.java:961)
    	at com.intellij.openapi.application.impl.NonBlockingReadActionImpl$Submission.insideReadAction(NonBlockingReadActionImpl.java:685)
    	at com.intellij.openapi.application.impl.NonBlockingReadActionImpl$Submission.lambda$attemptComputation$6(NonBlockingReadActionImpl.java:648)
    	at com.intellij.platform.locking.impl.NestedLocksThreadingSupport.tryRunReadAction(NestedLocksThreadingSupport.kt:902)
    	at com.intellij.openapi.application.impl.ApplicationImpl.tryRunReadAction(ApplicationImpl.java:1237)
    	at com.intellij.openapi.progress.util.ProgressIndicatorUtils.lambda$runInReadActionWithWriteActionPriority$0(ProgressIndicatorUtils.java:94)
    	at com.intellij.openapi.progress.util.ProgressIndicatorUtilService.runActionAndCancelBeforeWrite(ProgressIndicatorUtilService.java:73)
    	at com.intellij.openapi.progress.util.ProgressIndicatorUtils.runActionAndCancelBeforeWrite(ProgressIndicatorUtils.java:152)
    	at com.intellij.openapi.progress.util.ProgressIndicatorUtils.lambda$runWithWriteActionPriority$1(ProgressIndicatorUtils.java:139)
    	at com.intellij.openapi.progress.ProgressManager.lambda$runProcess$0(ProgressManager.java:98)
    	at com.intellij.openapi.progress.impl.CoreProgressManager.lambda$runProcess$2(CoreProgressManager.java:256)
    	at com.intellij.openapi.progress.impl.CoreProgressManager.lambda$executeProcessUnderProgress$14(CoreProgressManager.java:717)
    	at com.intellij.openapi.progress.impl.CoreProgressManager.registerIndicatorAndRun(CoreProgressManager.java:792)
    	at com.intellij.openapi.progress.impl.CoreProgressManager.computeUnderProgress(CoreProgressManager.java:748)
    	at com.intellij.openapi.progress.impl.CoreProgressManager.executeProcessUnderProgress(CoreProgressManager.java:716)
    	at com.intellij.openapi.progress.impl.ProgressManagerImpl.executeProcessUnderProgress(ProgressManagerImpl.java:75)
    	at com.intellij.openapi.progress.impl.CoreProgressManager.runProcess(CoreProgressManager.java:240)
    	at com.intellij.openapi.progress.ProgressManager.runProcess(ProgressManager.java:98)
    	at com.intellij.openapi.progress.util.ProgressIndicatorUtils.runWithWriteActionPriority(ProgressIndicatorUtils.java:136)
    	at com.intellij.openapi.progress.util.ProgressIndicatorUtils.runInReadActionWithWriteActionPriority(ProgressIndicatorUtils.java:94)
    	at com.intellij.openapi.application.impl.NonBlockingReadActionImpl$Submission.attemptComputation(NonBlockingReadActionImpl.java:648)
    	at com.intellij.openapi.application.impl.NonBlockingReadActionImpl$Submission.lambda$transferToBgThread$1(NonBlockingReadActionImpl.java:529)
    	at com.intellij.concurrency.ThreadContext.installThreadContext(threadContext.kt:305)
    	at com.intellij.openapi.application.impl.NonBlockingReadActionImpl$Submission.lambda$transferToBgThread$2(NonBlockingReadActionImpl.java:529)
    	at java.base/java.util.concurrent.ThreadPoolExecutor.runWorker(ThreadPoolExecutor.java:1144)
    	at java.base/java.util.concurrent.ThreadPoolExecutor$Worker.run(ThreadPoolExecutor.java:642)
    	at java.base/java.util.concurrent.Executors$PrivilegedThreadFactory$1$1.run(Executors.java:735)
    	at java.base/java.util.concurrent.Executors$PrivilegedThreadFactory$1$1.run(Executors.java:732)
    	at java.base/java.security.AccessController.doPrivileged(AccessController.java:400)
    	at java.base/java.util.concurrent.Executors$PrivilegedThreadFactory$1.run(Executors.java:732)
    	at java.base/java.lang.Thread.run(Thread.java:1583)
    Exception in thread "DefaultDispatcher-worker-64 @com.intellij.lang.javascript.service.ide.JSLanguageServiceFileEditorListener#2586" java.lang.RuntimeException: Exception while trying to handle coroutine exception
    	at kotlinx.coroutines.CoroutineExceptionHandlerKt.handlerException(CoroutineExceptionHandler.kt:36)
    	at kotlinx.coroutines.internal.CoroutineExceptionHandlerImpl_commonKt.handleUncaughtCoroutineException(CoroutineExceptionHandlerImpl.common.kt:38)
    	at kotlinx.coroutines.CoroutineExceptionHandlerKt.handleCoroutineException(CoroutineExceptionHandler.kt:31)
    	at kotlinx.coroutines.StandaloneCoroutine.handleJobException(Builders.common.kt:194)
    	at kotlinx.coroutines.JobSupport.finalizeFinishingState(JobSupport.kt:222)
    	at kotlinx.coroutines.JobSupport.tryMakeCompletingSlowPath(JobSupport.kt:946)
    	at kotlinx.coroutines.JobSupport.tryMakeCompleting(JobSupport.kt:894)
    	at kotlinx.coroutines.JobSupport.makeCompletingOnce$kotlinx_coroutines_core(JobSupport.kt:859)
    	at kotlinx.coroutines.AbstractCoroutine.resumeWith(AbstractCoroutine.kt:99)
    	at kotlinx.coroutines.debug.internal.DebugProbesImpl$CoroutineOwner.resumeWith(DebugProbesImpl.kt:545)
    	at kotlin.coroutines.jvm.internal.BaseContinuationImpl.resumeWith(ContinuationImpl.kt:47)
    	at kotlinx.coroutines.DispatchedTask.run(DispatchedTask.kt:100)
    	at kotlinx.coroutines.scheduling.CoroutineScheduler.runSafely(CoroutineScheduler.kt:610)
    	at kotlinx.coroutines.scheduling.CoroutineScheduler$Worker.runDefaultDispatcherTask(CoroutineScheduler.kt:1194)
    	at kotlinx.coroutines.scheduling.CoroutineScheduler$Worker.executeTask(CoroutineScheduler.kt:906)
    	at kotlinx.coroutines.scheduling.CoroutineScheduler$Worker.runWorker(CoroutineScheduler.kt:775)
    	at kotlinx.coroutines.scheduling.CoroutineScheduler$Worker.run(CoroutineScheduler.kt:762)
    	Suppressed: java.lang.NoClassDefFoundError: Could not initialize class org.jetbrains.vuejs.lang.typescript.service.VueLspServerActivationRule
    		at org.jetbrains.vuejs.lang.typescript.service.lsp.VueLspTypeScriptService.<init>(VueLspTypeScriptService.kt:28)
    		at org.jetbrains.vuejs.lang.typescript.service.VueLspServiceWrapper.<init>(VueLanguageServiceProvider.kt:59)
    		at java.base/java.lang.invoke.MethodHandle.invokeWithArguments(MethodHandle.java:733)
    		at com.intellij.platform.instanceContainer.instantiation.InstantiateKt.instantiate$lambda$0(instantiate.kt:46)
    		at com.intellij.platform.instanceContainer.instantiation.InstantiateKt.instantiate$lambda$3$0(instantiate.kt:288)
    		at com.intellij.platform.instanceContainer.instantiation.InstantiateKt.withStoredTemporaryContext(instantiate.kt:304)
    		at com.intellij.platform.instanceContainer.instantiation.InstantiateKt.instantiate(instantiate.kt:287)
    		at com.intellij.platform.instanceContainer.instantiation.InstantiateKt.instantiate(instantiate.kt:39)
    		at com.intellij.serviceContainer.LightServiceInstanceSupport$LightServiceInstanceInitializer.createInstance(LightServiceInstanceSupport.kt:43)
    		at com.intellij.platform.instanceContainer.internal.LazyInstanceHolder$initialize$1$1.invokeSuspend(LazyInstanceHolder.kt:165)
    		at com.intellij.platform.instanceContainer.internal.LazyInstanceHolder$initialize$1$1.invoke(LazyInstanceHolder.kt)
    		at com.intellij.platform.instanceContainer.internal.LazyInstanceHolder$initialize$1$1.invoke(LazyInstanceHolder.kt)
    		at kotlinx.coroutines.intrinsics.UndispatchedKt.startUndispatchedOrReturn(Undispatched.kt:44)
    		at kotlinx.coroutines.BuildersKt__Builders_commonKt.withContext(Builders.common.kt:166)
    		at kotlinx.coroutines.BuildersKt.withContext(Unknown Source)
    		at com.intellij.platform.instanceContainer.internal.LazyInstanceHolder$initialize$1.invokeSuspend(LazyInstanceHolder.kt:163)
    		at com.intellij.platform.instanceContainer.internal.LazyInstanceHolder$initialize$1.invoke(LazyInstanceHolder.kt)
    		at com.intellij.platform.instanceContainer.internal.LazyInstanceHolder$initialize$1.invoke(LazyInstanceHolder.kt)
    		at kotlinx.coroutines.intrinsics.UndispatchedKt.startCoroutineUndispatched(Undispatched.kt:20)
    		at kotlinx.coroutines.CoroutineStart.invoke(CoroutineStart.kt:360)
    		at kotlinx.coroutines.AbstractCoroutine.start(AbstractCoroutine.kt:134)
    		at kotlinx.coroutines.BuildersKt__Builders_commonKt.launch(Builders.common.kt:52)
    		at kotlinx.coroutines.BuildersKt.launch(Unknown Source)
    		at com.intellij.platform.instanceContainer.internal.LazyInstanceHolder.initialize(LazyInstanceHolder.kt:148)
    		at com.intellij.platform.instanceContainer.internal.LazyInstanceHolder.access$initialize(LazyInstanceHolder.kt:15)
    		at com.intellij.platform.instanceContainer.internal.LazyInstanceHolder.tryInitialize(LazyInstanceHolder.kt:138)
    		at com.intellij.platform.instanceContainer.internal.LazyInstanceHolder.getInstance(LazyInstanceHolder.kt:96)
    		at com.intellij.platform.instanceContainer.internal.LazyInstanceHolder.getInstanceInCallerContext$suspendImpl(LazyInstanceHolder.kt:88)
    		at com.intellij.platform.instanceContainer.internal.LazyInstanceHolder.getInstanceInCallerContext(LazyInstanceHolder.kt)
    		at com.intellij.serviceContainer.ComponentManagerImplKt$doGetOrCreateInstanceBlocking$1.invokeSuspend(ComponentManagerImpl.kt:1561)
    		at _COROUTINE._BOUNDARY._(CoroutineDebugging.kt:42)
    		at com.intellij.serviceContainer.ComponentManagerImplKt$doGetOrCreateInstanceBlocking$1.invokeSuspend(ComponentManagerImpl.kt:1561)
    		at com.intellij.lang.javascript.service.ide.JSLanguageServiceEditorListenerBase$1$1.invokeSuspend(JSLanguageServiceEditorListenerBase.kt:32)
    		at kotlinx.coroutines.TimeoutKt.withTimeoutOrNull(Timeout.kt:102)
    		at com.intellij.lang.javascript.service.ide.JSLanguageServiceEditorListenerBase$1.invokeSuspend(JSLanguageServiceEditorListenerBase.kt:31)
    	Caused by: java.lang.NoClassDefFoundError: Could not initialize class org.jetbrains.vuejs.lang.typescript.service.VueLspServerActivationRule
    		at org.jetbrains.vuejs.lang.typescript.service.lsp.VueLspTypeScriptService.<init>(VueLspTypeScriptService.kt:28)
    		at org.jetbrains.vuejs.lang.typescript.service.VueLspServiceWrapper.<init>(VueLanguageServiceProvider.kt:59)
    		at java.base/java.lang.invoke.MethodHandle.invokeWithArguments(MethodHandle.java:733)
    		at com.intellij.platform.instanceContainer.instantiation.InstantiateKt.instantiate$lambda$0(instantiate.kt:46)
    		at com.intellij.platform.instanceContainer.instantiation.InstantiateKt.instantiate$lambda$3$0(instantiate.kt:288)
    		at com.intellij.platform.instanceContainer.instantiation.InstantiateKt.withStoredTemporaryContext(instantiate.kt:304)
    		at com.intellij.platform.instanceContainer.instantiation.InstantiateKt.instantiate(instantiate.kt:287)
    		at com.intellij.platform.instanceContainer.instantiation.InstantiateKt.instantiate(instantiate.kt:39)
    		at com.intellij.serviceContainer.LightServiceInstanceSupport$LightServiceInstanceInitializer.createInstance(LightServiceInstanceSupport.kt:43)
    		at com.intellij.platform.instanceContainer.internal.LazyInstanceHolder$initialize$1$1.invokeSuspend(LazyInstanceHolder.kt:165)
    		at com.intellij.platform.instanceContainer.internal.LazyInstanceHolder$initialize$1$1.invoke(LazyInstanceHolder.kt)
    		at com.intellij.platform.instanceContainer.internal.LazyInstanceHolder$initialize$1$1.invoke(LazyInstanceHolder.kt)
    		at kotlinx.coroutines.intrinsics.UndispatchedKt.startUndispatchedOrReturn(Undispatched.kt:44)
    		at kotlinx.coroutines.BuildersKt__Builders_commonKt.withContext(Builders.common.kt:166)
    		at kotlinx.coroutines.BuildersKt.withContext(Unknown Source)
    		at com.intellij.platform.instanceContainer.internal.LazyInstanceHolder$initialize$1.invokeSuspend(LazyInstanceHolder.kt:163)
    		at com.intellij.platform.instanceContainer.internal.LazyInstanceHolder$initialize$1.invoke(LazyInstanceHolder.kt)
    		at com.intellij.platform.instanceContainer.internal.LazyInstanceHolder$initialize$1.invoke(LazyInstanceHolder.kt)
    		at kotlinx.coroutines.intrinsics.UndispatchedKt.startCoroutineUndispatched(Undispatched.kt:20)
    		at kotlinx.coroutines.CoroutineStart.invoke(CoroutineStart.kt:360)
    		at kotlinx.coroutines.AbstractCoroutine.start(AbstractCoroutine.kt:134)
    		at kotlinx.coroutines.BuildersKt__Builders_commonKt.launch(Builders.common.kt:52)
    		at kotlinx.coroutines.BuildersKt.launch(Unknown Source)
    		at com.intellij.platform.instanceContainer.internal.LazyInstanceHolder.initialize(LazyInstanceHolder.kt:148)
    		at com.intellij.platform.instanceContainer.internal.LazyInstanceHolder.access$initialize(LazyInstanceHolder.kt:15)
    		at com.intellij.platform.instanceContainer.internal.LazyInstanceHolder.tryInitialize(LazyInstanceHolder.kt:138)
    		at com.intellij.platform.instanceContainer.internal.LazyInstanceHolder.getInstance(LazyInstanceHolder.kt:96)
    		at com.intellij.platform.instanceContainer.internal.LazyInstanceHolder.getInstanceInCallerContext$suspendImpl(LazyInstanceHolder.kt:88)
    		at com.intellij.platform.instanceContainer.internal.LazyInstanceHolder.getInstanceInCallerContext(LazyInstanceHolder.kt)
    		at com.intellij.serviceContainer.ComponentManagerImplKt$doGetOrCreateInstanceBlocking$1.invokeSuspend(ComponentManagerImpl.kt:1561)
    		at kotlin.coroutines.jvm.internal.BaseContinuationImpl.resumeWith(ContinuationImpl.kt:34)
    		at kotlinx.coroutines.DispatchedTask.run(DispatchedTask.kt:100)
    		at kotlinx.coroutines.EventLoopImplBase.processNextEvent(EventLoop.common.kt:263)
    		at kotlinx.coroutines.BlockingCoroutine.joinBlocking(Builders.kt:112)
    		at kotlinx.coroutines.BuildersKt__BuildersKt.runBlocking$BuildersKt__BuildersKt(Builders.kt:85)
    		at kotlinx.coroutines.BuildersKt__BuildersKt.runBlockingWithParallelismCompensation(Builders.kt:61)
    		at kotlinx.coroutines.BuildersKt.runBlockingWithParallelismCompensation(Unknown Source)
    		at kotlinx.coroutines.internal.intellij.IntellijCoroutines.runBlockingWithParallelismCompensation(intellij.kt:48)
    		at com.intellij.util.IntelliJCoroutinesFacade.runBlockingWithParallelismCompensation(IntelliJCoroutinesFacade.kt:35)
    		at com.intellij.serviceContainer.ComponentManagerImplKt.runBlockingInitialization$lambda$0(ComponentManagerImpl.kt:1692)
    		at com.intellij.openapi.progress.ContextKt.prepareThreadContext$lambda$0(context.kt:83)
    		at com.intellij.concurrency.ThreadContext.resetThreadContext(threadContext.kt:294)
    		at com.intellij.openapi.progress.ContextKt.prepareThreadContext(context.kt:82)
    		at com.intellij.serviceContainer.ComponentManagerImplKt.runBlockingInitialization(ComponentManagerImpl.kt:1677)
    		at com.intellij.serviceContainer.ComponentManagerImplKt.doGetOrCreateInstanceBlocking(ComponentManagerImpl.kt:1560)
    		at com.intellij.serviceContainer.ComponentManagerImplKt.getOrCreateInstanceBlocking(ComponentManagerImpl.kt:1549)
    		at com.intellij.serviceContainer.ComponentManagerImpl.doGetService(ComponentManagerImpl.kt:715)
    		at com.intellij.serviceContainer.ComponentManagerImpl.getService(ComponentManagerImpl.kt:653)
    		at org.jetbrains.vuejs.lang.typescript.service.VueLanguageServiceProvider.lspLanguageService_delegate$lambda$0(VueLanguageServiceProvider.kt:68)
    		at kotlin.SafePublicationLazyImpl.getValue(LazyJVM.kt:125)
    		at org.jetbrains.vuejs.lang.typescript.service.VueLanguageServiceProvider.getLspLanguageService(VueLanguageServiceProvider.kt:19)
    		at org.jetbrains.vuejs.lang.typescript.service.VueLanguageServiceProvider.getAllServices(VueLanguageServiceProvider.kt:24)
    		at com.intellij.lang.typescript.languageService.TypeScriptServiceProvider.getService(TypeScriptServiceProvider.kt:13)
    		at com.intellij.lang.typescript.languageService.TypeScriptServiceProvider.getService(TypeScriptServiceProvider.kt:8)
    		at com.intellij.lang.javascript.service.ide.JSLanguageServiceEditorListenerBase$1$1.invokeSuspend$lambda$0(JSLanguageServiceEditorListenerBase.kt:32)
    		at com.intellij.openapi.application.rw.InternalReadAction.insideReadAction(InternalReadAction.kt:111)
    		at com.intellij.openapi.application.rw.InternalReadAction.tryReadCancellable$lambda$0(InternalReadAction.kt:101)
    		at com.intellij.openapi.application.rw.CancellableReadActionKt.cancellableReadActionInternal$lambda$0$0$0(cancellableReadAction.kt:32)
    		at com.intellij.platform.locking.impl.NestedLocksThreadingSupport.tryRunReadAction(NestedLocksThreadingSupport.kt:902)
    		at com.intellij.openapi.application.impl.ApplicationImpl.tryRunReadAction(ApplicationImpl.java:1237)
    		at com.intellij.openapi.application.rw.CancellableReadActionKt.cancellableReadActionInternal$lambda$0$0(cancellableReadAction.kt:30)
    		at com.intellij.openapi.progress.util.ProgressIndicatorUtilService.runActionAndCancelBeforeWrite(ProgressIndicatorUtilService.java:73)
    		at com.intellij.openapi.progress.util.ProgressIndicatorUtils.runActionAndCancelBeforeWrite(ProgressIndicatorUtils.java:152)
    		at com.intellij.openapi.application.rw.CancellableReadActionKt.cancellableReadActionInternal$lambda$0(cancellableReadAction.kt:28)
    		at com.intellij.concurrency.ThreadContext.installThreadContext(threadContext.kt:305)
    		at com.intellij.concurrency.ThreadContext.installThreadContext$default(threadContext.kt:303)
    		at com.intellij.openapi.application.rw.CancellableReadActionKt.cancellableReadActionInternal(cancellableReadAction.kt:24)
    		at com.intellij.openapi.application.rw.InternalReadAction.tryReadCancellable(InternalReadAction.kt:100)
    		at com.intellij.openapi.application.rw.InternalReadAction.tryReadAction(InternalReadAction.kt:86)
    		at com.intellij.openapi.application.rw.InternalReadAction.readLoop(InternalReadAction.kt:73)
    		at com.intellij.openapi.application.rw.InternalReadAction.access$readLoop(InternalReadAction.kt:15)
    		at com.intellij.openapi.application.rw.InternalReadAction$runReadAction$6.invokeSuspend(InternalReadAction.kt:52)
    		at com.intellij.openapi.application.rw.InternalReadAction$runReadAction$6.invoke(InternalReadAction.kt)
    		at com.intellij.openapi.application.rw.InternalReadAction$runReadAction$6.invoke(InternalReadAction.kt)
    		at kotlinx.coroutines.intrinsics.UndispatchedKt.startUndispatchedOrReturn(Undispatched.kt:44)
    		at kotlinx.coroutines.BuildersKt__Builders_commonKt.withContext(Builders.common.kt:166)
    		at kotlinx.coroutines.BuildersKt.withContext(Unknown Source)
    		at com.intellij.openapi.application.rw.InternalReadAction.runReadAction(InternalReadAction.kt:50)
    		at com.intellij.openapi.application.rw.PlatformReadWriteActionSupport.executeReadAction(PlatformReadWriteActionSupport.kt:66)
    		at com.intellij.openapi.application.ReadWriteActionSupport.executeReadAction$default(ReadWriteActionSupport.kt:15)
    		at com.intellij.openapi.application.CoroutinesKt.constrainedReadAction(coroutines.kt:60)
    		at com.intellij.openapi.application.CoroutinesKt.readAction(coroutines.kt:27)
    		at com.intellij.lang.javascript.service.ide.JSLanguageServiceEditorListenerBase$1$1.invokeSuspend(JSLanguageServiceEditorListenerBase.kt:32)
    		at com.intellij.lang.javascript.service.ide.JSLanguageServiceEditorListenerBase$1$1.invoke(JSLanguageServiceEditorListenerBase.kt)
    		at com.intellij.lang.javascript.service.ide.JSLanguageServiceEditorListenerBase$1$1.invoke(JSLanguageServiceEditorListenerBase.kt)
    		at kotlinx.coroutines.intrinsics.UndispatchedKt.startUndispatchedOrReturnIgnoreTimeout(Undispatched.kt:56)
    		at kotlinx.coroutines.TimeoutKt.setupTimeout(Timeout.kt:149)
    		at kotlinx.coroutines.TimeoutKt.withTimeoutOrNull(Timeout.kt:105)
    		at com.intellij.lang.javascript.service.ide.JSLanguageServiceEditorListenerBase$1.invokeSuspend(JSLanguageServiceEditorListenerBase.kt:31)
    		at kotlin.coroutines.jvm.internal.BaseContinuationImpl.resumeWith(ContinuationImpl.kt:34)
    		at kotlinx.coroutines.DispatchedTask.run(DispatchedTask.kt:100)
    		at kotlinx.coroutines.scheduling.CoroutineScheduler.runSafely(CoroutineScheduler.kt:610)
    		at kotlinx.coroutines.scheduling.CoroutineScheduler$Worker.runDefaultDispatcherTask(CoroutineScheduler.kt:1194)
    		at kotlinx.coroutines.scheduling.CoroutineScheduler$Worker.executeTask(CoroutineScheduler.kt:906)
    		at kotlinx.coroutines.scheduling.CoroutineScheduler$Worker.runWorker(CoroutineScheduler.kt:775)
    		at kotlinx.coroutines.scheduling.CoroutineScheduler$Worker.run(CoroutineScheduler.kt:762)
    	Caused by: java.lang.ExceptionInInitializerError: Exception java.lang.ExceptionInInitializerError [in thread "ApplicationImpl pooled thread 6"]
    		at org.jetbrains.vuejs.lang.typescript.service.VueLspServerPackageDescriptor.<init>(VueServices.kt:37)
    		at org.jetbrains.vuejs.lang.typescript.service.VueLspServerPackageDescriptor.<clinit>(VueServices.kt)
    		at org.jetbrains.vuejs.lang.typescript.service.VueLspServerLoader.<init>(VueServices.kt:44)
    		at org.jetbrains.vuejs.lang.typescript.service.VueLspServerLoader.<clinit>(VueServices.kt)
    		at org.jetbrains.vuejs.lang.typescript.service.VueLspServerActivationRule.<init>(VueServices.kt:76)
    		at org.jetbrains.vuejs.lang.typescript.service.VueLspServerActivationRule.<clinit>(VueServices.kt)
    		at org.jetbrains.vuejs.lang.typescript.service.lsp.VueLspServerSupportProvider.<init>(VueLspServerSupportProvider.kt:19)
    		at com.intellij.serviceContainer.ComponentManagerImpl.findConstructorAndInstantiateClass(ComponentManagerImpl.kt:882)
    		at com.intellij.serviceContainer.ComponentManagerImpl.doInstantiateClass(ComponentManagerImpl.kt:891)
    		at com.intellij.serviceContainer.ComponentManagerImpl.instantiateClass$lambda$1$0(ComponentManagerImpl.kt:875)
    		at com.intellij.concurrency.ThreadContext.installThreadContext(threadContext.kt:305)
    		at com.intellij.concurrency.ThreadContext.installThreadContext$default(threadContext.kt:303)
    		at com.intellij.serviceContainer.ComponentManagerImpl.instantiateClass$lambda$1(ComponentManagerImpl.kt:874)
    		at com.intellij.concurrency.ThreadContext.resetThreadContext(threadContext.kt:294)
    		at com.intellij.serviceContainer.ComponentManagerImpl.instantiateClass(ComponentManagerImpl.kt:873)
    		at com.intellij.openapi.extensions.impl.SimpleConstructorInjectionAdapter.instantiateClass(XmlExtensionAdapter.kt:102)
    		at com.intellij.openapi.extensions.impl.XmlExtensionAdapter.doCreateInstance(XmlExtensionAdapter.kt:52)
    		at com.intellij.openapi.extensions.impl.XmlExtensionAdapter.createInstance(XmlExtensionAdapter.kt:33)
    		at com.intellij.openapi.extensions.impl.ExtensionPointImpl.processAdapter(ExtensionPointImpl.kt:404)
    		at com.intellij.openapi.extensions.impl.ExtensionPointImpl.createExtensionInstances(ExtensionPointImpl.kt:377)
    		at com.intellij.openapi.extensions.impl.ExtensionPointImpl.getExtensionList(ExtensionPointImpl.kt:223)
    		at com.intellij.openapi.extensions.ExtensionPointName.getExtensionList(ExtensionPointName.kt:54)
    		at com.intellij.platform.lsp.impl.LspOpenedFilesService.d(LspOpenedFilesService.kt:61)
    		at com.intellij.openapi.application.impl.NonBlockingReadActionImpl$OTelMonitor.callWrapped(NonBlockingReadActionImpl.java:929)
    		at com.intellij.openapi.application.impl.NonBlockingReadActionImpl$OTelMonitor$MonitoredComputation.call(NonBlockingReadActionImpl.java:961)
    		at com.intellij.openapi.application.impl.NonBlockingReadActionImpl$Submission.insideReadAction(NonBlockingReadActionImpl.java:685)
    		at com.intellij.openapi.application.impl.NonBlockingReadActionImpl$Submission.lambda$attemptComputation$6(NonBlockingReadActionImpl.java:648)
    		at com.intellij.platform.locking.impl.NestedLocksThreadingSupport.tryRunReadAction(NestedLocksThreadingSupport.kt:902)
    		at com.intellij.openapi.application.impl.ApplicationImpl.tryRunReadAction(ApplicationImpl.java:1237)
    		at com.intellij.openapi.progress.util.ProgressIndicatorUtils.lambda$runInReadActionWithWriteActionPriority$0(ProgressIndicatorUtils.java:94)
    		at com.intellij.openapi.progress.util.ProgressIndicatorUtilService.runActionAndCancelBeforeWrite(ProgressIndicatorUtilService.java:73)
    		at com.intellij.openapi.progress.util.ProgressIndicatorUtils.runActionAndCancelBeforeWrite(ProgressIndicatorUtils.java:152)
    		at com.intellij.openapi.progress.util.ProgressIndicatorUtils.lambda$runWithWriteActionPriority$1(ProgressIndicatorUtils.java:139)
    		at com.intellij.openapi.progress.ProgressManager.lambda$runProcess$0(ProgressManager.java:98)
    		at com.intellij.openapi.progress.impl.CoreProgressManager.lambda$runProcess$2(CoreProgressManager.java:256)
    		at com.intellij.openapi.progress.impl.CoreProgressManager.lambda$executeProcessUnderProgress$14(CoreProgressManager.java:717)
    		at com.intellij.openapi.progress.impl.CoreProgressManager.registerIndicatorAndRun(CoreProgressManager.java:792)
    		at com.intellij.openapi.progress.impl.CoreProgressManager.computeUnderProgress(CoreProgressManager.java:748)
    		at com.intellij.openapi.progress.impl.CoreProgressManager.executeProcessUnderProgress(CoreProgressManager.java:716)
    		at com.intellij.openapi.progress.impl.ProgressManagerImpl.executeProcessUnderProgress(ProgressManagerImpl.java:75)
    		at com.intellij.openapi.progress.impl.CoreProgressManager.runProcess(CoreProgressManager.java:240)
    		at com.intellij.openapi.progress.ProgressManager.runProcess(ProgressManager.java:98)
    		at com.intellij.openapi.progress.util.ProgressIndicatorUtils.runWithWriteActionPriority(ProgressIndicatorUtils.java:136)
    		at com.intellij.openapi.progress.util.ProgressIndicatorUtils.runInReadActionWithWriteActionPriority(ProgressIndicatorUtils.java:94)
    		at com.intellij.openapi.application.impl.NonBlockingReadActionImpl$Submission.attemptComputation(NonBlockingReadActionImpl.java:648)
    		at com.intellij.openapi.application.impl.NonBlockingReadActionImpl$Submission.lambda$transferToBgThread$1(NonBlockingReadActionImpl.java:529)
    		at com.intellij.concurrency.ThreadContext.installThreadContext(threadContext.kt:305)
    		at com.intellij.openapi.application.impl.NonBlockingReadActionImpl$Submission.lambda$transferToBgThread$2(NonBlockingReadActionImpl.java:529)
    		at java.base/java.util.concurrent.ThreadPoolExecutor.runWorker(ThreadPoolExecutor.java:1144)
    		at java.base/java.util.concurrent.ThreadPoolExecutor$Worker.run(ThreadPoolExecutor.java:642)
    		at java.base/java.util.concurrent.Executors$PrivilegedThreadFactory$1$1.run(Executors.java:735)
    		at java.base/java.util.concurrent.Executors$PrivilegedThreadFactory$1$1.run(Executors.java:732)
    		at java.base/java.security.AccessController.doPrivileged(AccessController.java:400)
    		at java.base/java.util.concurrent.Executors$PrivilegedThreadFactory$1.run(Executors.java:732)
    		at java.base/java.lang.Thread.run(Thread.java:1583)
    Caused by: com.intellij.testFramework.TestLoggerFactory$TestLoggerAssertionError: Uncaught exception. Context=[Kernel@k1j4e93551725r363naj, Rete(abortOnError=false, commands=capacity=2147483647,data=[onReceive], reteState=kotlinx.coroutines.flow.StateFlowImpl@de11f0e, dbSource=ReteDbSource(reteState=kotlinx.coroutines.flow.StateFlowImpl@de11f0e)), DbSourceContextElement(kernel Kernel@k1j4e93551725r363naj), ComponentManager(ProjectImpl@1313317543), com.intellij.codeWithMe.ClientIdContextElementPrecursor@52962d20, CoroutineName(com.intellij.lang.javascript.service.ide.JSLanguageServiceFileEditorListener), CoroutineId(2586), "com.intellij.lang.javascript.service.ide.JSLanguageServiceFileEditorListener#2586":StandaloneCoroutine{Cancelling}@27858e5b, Dispatchers.Default]
    	at com.intellij.testFramework.TestLoggerFactory$TestLogger.error(TestLoggerFactory.java:457)
    	at com.intellij.openapi.diagnostic.Logger.error(Logger.java:426)
    	at com.intellij.platform.rpc.logger.IjLogger.error(IjLogger.kt:64)
    	at fleet.util.logging.KLogger.error(KLogger.kt)
    	at fleet.util.async.UncaughtCoroutineExceptionHandler.handleException(UncaughtCoroutineExceptionHandler.kt:23)
    	at kotlinx.coroutines.internal.CoroutineExceptionHandlerImpl_commonKt.handleUncaughtCoroutineException(CoroutineExceptionHandlerImpl.common.kt:34)
    	... 15 more
    Caused by: [CIRCULAR REFERENCE: java.lang.NoClassDefFoundError: Could not initialize class org.jetbrains.vuejs.lang.typescript.service.VueLspServerActivationRule]
    Exception in thread "DefaultDispatcher-worker-64 @com.intellij.lang.javascript.service.ide.JSLanguageServiceFileEditorListener#2586" java.lang.NoClassDefFoundError: Could not initialize class org.jetbrains.vuejs.lang.typescript.service.VueLspServerActivationRule
    	at org.jetbrains.vuejs.lang.typescript.service.lsp.VueLspTypeScriptService.<init>(VueLspTypeScriptService.kt:28)
    	at org.jetbrains.vuejs.lang.typescript.service.VueLspServiceWrapper.<init>(VueLanguageServiceProvider.kt:59)
    	at java.base/java.lang.invoke.MethodHandle.invokeWithArguments(MethodHandle.java:733)
    	at com.intellij.platform.instanceContainer.instantiation.InstantiateKt.instantiate$lambda$0(instantiate.kt:46)
    	at com.intellij.platform.instanceContainer.instantiation.InstantiateKt.instantiate$lambda$3$0(instantiate.kt:288)
    	at com.intellij.platform.instanceContainer.instantiation.InstantiateKt.withStoredTemporaryContext(instantiate.kt:304)
    	at com.intellij.platform.instanceContainer.instantiation.InstantiateKt.instantiate(instantiate.kt:287)
    	at com.intellij.platform.instanceContainer.instantiation.InstantiateKt.instantiate(instantiate.kt:39)
    	at com.intellij.serviceContainer.LightServiceInstanceSupport$LightServiceInstanceInitializer.createInstance(LightServiceInstanceSupport.kt:43)
    	at com.intellij.platform.instanceContainer.internal.LazyInstanceHolder$initialize$1$1.invokeSuspend(LazyInstanceHolder.kt:165)
    	at com.intellij.platform.instanceContainer.internal.LazyInstanceHolder$initialize$1$1.invoke(LazyInstanceHolder.kt)
    	at com.intellij.platform.instanceContainer.internal.LazyInstanceHolder$initialize$1$1.invoke(LazyInstanceHolder.kt)
    	at kotlinx.coroutines.intrinsics.UndispatchedKt.startUndispatchedOrReturn(Undispatched.kt:44)
    	at kotlinx.coroutines.BuildersKt__Builders_commonKt.withContext(Builders.common.kt:166)
    	at kotlinx.coroutines.BuildersKt.withContext(Unknown Source)
    	at com.intellij.platform.instanceContainer.internal.LazyInstanceHolder$initialize$1.invokeSuspend(LazyInstanceHolder.kt:163)
    	at com.intellij.platform.instanceContainer.internal.LazyInstanceHolder$initialize$1.invoke(LazyInstanceHolder.kt)
    	at com.intellij.platform.instanceContainer.internal.LazyInstanceHolder$initialize$1.invoke(LazyInstanceHolder.kt)
    	at kotlinx.coroutines.intrinsics.UndispatchedKt.startCoroutineUndispatched(Undispatched.kt:20)
    	at kotlinx.coroutines.CoroutineStart.invoke(CoroutineStart.kt:360)
    	at kotlinx.coroutines.AbstractCoroutine.start(AbstractCoroutine.kt:134)
    	at kotlinx.coroutines.BuildersKt__Builders_commonKt.launch(Builders.common.kt:52)
    	at kotlinx.coroutines.BuildersKt.launch(Unknown Source)
    	at com.intellij.platform.instanceContainer.internal.LazyInstanceHolder.initialize(LazyInstanceHolder.kt:148)
    	at com.intellij.platform.instanceContainer.internal.LazyInstanceHolder.access$initialize(LazyInstanceHolder.kt:15)
    	at com.intellij.platform.instanceContainer.internal.LazyInstanceHolder.tryInitialize(LazyInstanceHolder.kt:138)
    	at com.intellij.platform.instanceContainer.internal.LazyInstanceHolder.getInstance(LazyInstanceHolder.kt:96)
    	at com.intellij.platform.instanceContainer.internal.LazyInstanceHolder.getInstanceInCallerContext$suspendImpl(LazyInstanceHolder.kt:88)
    	at com.intellij.platform.instanceContainer.internal.LazyInstanceHolder.getInstanceInCallerContext(LazyInstanceHolder.kt)
    	at com.intellij.serviceContainer.ComponentManagerImplKt$doGetOrCreateInstanceBlocking$1.invokeSuspend(ComponentManagerImpl.kt:1561)
    	at _COROUTINE._BOUNDARY._(CoroutineDebugging.kt:42)
    	at com.intellij.serviceContainer.ComponentManagerImplKt$doGetOrCreateInstanceBlocking$1.invokeSuspend(ComponentManagerImpl.kt:1561)
    	at com.intellij.lang.javascript.service.ide.JSLanguageServiceEditorListenerBase$1$1.invokeSuspend(JSLanguageServiceEditorListenerBase.kt:32)
    	at kotlinx.coroutines.TimeoutKt.withTimeoutOrNull(Timeout.kt:102)
    	at com.intellij.lang.javascript.service.ide.JSLanguageServiceEditorListenerBase$1.invokeSuspend(JSLanguageServiceEditorListenerBase.kt:31)
    	Suppressed: kotlinx.coroutines.internal.DiagnosticCoroutineContextException: [Kernel@k1j4e93551725r363naj, Rete(abortOnError=false, commands=capacity=2147483647,data=[onReceive], reteState=kotlinx.coroutines.flow.StateFlowImpl@de11f0e, dbSource=ReteDbSource(reteState=kotlinx.coroutines.flow.StateFlowImpl@de11f0e)), DbSourceContextElement(kernel Kernel@k1j4e93551725r363naj), ComponentManager(ProjectImpl@1313317543), com.intellij.codeWithMe.ClientIdContextElementPrecursor@52962d20, CoroutineName(com.intellij.lang.javascript.service.ide.JSLanguageServiceFileEditorListener), CoroutineId(2586), "com.intellij.lang.javascript.service.ide.JSLanguageServiceFileEditorListener#2586":StandaloneCoroutine{Cancelling}@27858e5b, Dispatchers.Default]
    Caused by: java.lang.NoClassDefFoundError: Could not initialize class org.jetbrains.vuejs.lang.typescript.service.VueLspServerActivationRule
    	at org.jetbrains.vuejs.lang.typescript.service.lsp.VueLspTypeScriptService.<init>(VueLspTypeScriptService.kt:28)
    	at org.jetbrains.vuejs.lang.typescript.service.VueLspServiceWrapper.<init>(VueLanguageServiceProvider.kt:59)
    	at java.base/java.lang.invoke.MethodHandle.invokeWithArguments(MethodHandle.java:733)
    	at com.intellij.platform.instanceContainer.instantiation.InstantiateKt.instantiate$lambda$0(instantiate.kt:46)
    	at com.intellij.platform.instanceContainer.instantiation.InstantiateKt.instantiate$lambda$3$0(instantiate.kt:288)
    	at com.intellij.platform.instanceContainer.instantiation.InstantiateKt.withStoredTemporaryContext(instantiate.kt:304)
    	at com.intellij.platform.instanceContainer.instantiation.InstantiateKt.instantiate(instantiate.kt:287)
    	at com.intellij.platform.instanceContainer.instantiation.InstantiateKt.instantiate(instantiate.kt:39)
    	at com.intellij.serviceContainer.LightServiceInstanceSupport$LightServiceInstanceInitializer.createInstance(LightServiceInstanceSupport.kt:43)
    	at com.intellij.platform.instanceContainer.internal.LazyInstanceHolder$initialize$1$1.invokeSuspend(LazyInstanceHolder.kt:165)
    	at com.intellij.platform.instanceContainer.internal.LazyInstanceHolder$initialize$1$1.invoke(LazyInstanceHolder.kt)
    	at com.intellij.platform.instanceContainer.internal.LazyInstanceHolder$initialize$1$1.invoke(LazyInstanceHolder.kt)
    	at kotlinx.coroutines.intrinsics.UndispatchedKt.startUndispatchedOrReturn(Undispatched.kt:44)
    	at kotlinx.coroutines.BuildersKt__Builders_commonKt.withContext(Builders.common.kt:166)
    	at kotlinx.coroutines.BuildersKt.withContext(Unknown Source)
    	at com.intellij.platform.instanceContainer.internal.LazyInstanceHolder$initialize$1.invokeSuspend(LazyInstanceHolder.kt:163)
    	at com.intellij.platform.instanceContainer.internal.LazyInstanceHolder$initialize$1.invoke(LazyInstanceHolder.kt)
    	at com.intellij.platform.instanceContainer.internal.LazyInstanceHolder$initialize$1.invoke(LazyInstanceHolder.kt)
    	at kotlinx.coroutines.intrinsics.UndispatchedKt.startCoroutineUndispatched(Undispatched.kt:20)
    	at kotlinx.coroutines.CoroutineStart.invoke(CoroutineStart.kt:360)
    	at kotlinx.coroutines.AbstractCoroutine.start(AbstractCoroutine.kt:134)
    	at kotlinx.coroutines.BuildersKt__Builders_commonKt.launch(Builders.common.kt:52)
    	at kotlinx.coroutines.BuildersKt.launch(Unknown Source)
    	at com.intellij.platform.instanceContainer.internal.LazyInstanceHolder.initialize(LazyInstanceHolder.kt:148)
    	at com.intellij.platform.instanceContainer.internal.LazyInstanceHolder.access$initialize(LazyInstanceHolder.kt:15)
    	at com.intellij.platform.instanceContainer.internal.LazyInstanceHolder.tryInitialize(LazyInstanceHolder.kt:138)
    	at com.intellij.platform.instanceContainer.internal.LazyInstanceHolder.getInstance(LazyInstanceHolder.kt:96)
    	at com.intellij.platform.instanceContainer.internal.LazyInstanceHolder.getInstanceInCallerContext$suspendImpl(LazyInstanceHolder.kt:88)
    	at com.intellij.platform.instanceContainer.internal.LazyInstanceHolder.getInstanceInCallerContext(LazyInstanceHolder.kt)
    	at com.intellij.serviceContainer.ComponentManagerImplKt$doGetOrCreateInstanceBlocking$1.invokeSuspend(ComponentManagerImpl.kt:1561)
    	at kotlin.coroutines.jvm.internal.BaseContinuationImpl.resumeWith(ContinuationImpl.kt:34)
    	at kotlinx.coroutines.DispatchedTask.run(DispatchedTask.kt:100)
    	at kotlinx.coroutines.EventLoopImplBase.processNextEvent(EventLoop.common.kt:263)
    	at kotlinx.coroutines.BlockingCoroutine.joinBlocking(Builders.kt:112)
    	at kotlinx.coroutines.BuildersKt__BuildersKt.runBlocking$BuildersKt__BuildersKt(Builders.kt:85)
    	at kotlinx.coroutines.BuildersKt__BuildersKt.runBlockingWithParallelismCompensation(Builders.kt:61)
    	at kotlinx.coroutines.BuildersKt.runBlockingWithParallelismCompensation(Unknown Source)
    	at kotlinx.coroutines.internal.intellij.IntellijCoroutines.runBlockingWithParallelismCompensation(intellij.kt:48)
    	at com.intellij.util.IntelliJCoroutinesFacade.runBlockingWithParallelismCompensation(IntelliJCoroutinesFacade.kt:35)
    	at com.intellij.serviceContainer.ComponentManagerImplKt.runBlockingInitialization$lambda$0(ComponentManagerImpl.kt:1692)
    	at com.intellij.openapi.progress.ContextKt.prepareThreadContext$lambda$0(context.kt:83)
    	at com.intellij.concurrency.ThreadContext.resetThreadContext(threadContext.kt:294)
    	at com.intellij.openapi.progress.ContextKt.prepareThreadContext(context.kt:82)
    	at com.intellij.serviceContainer.ComponentManagerImplKt.runBlockingInitialization(ComponentManagerImpl.kt:1677)
    	at com.intellij.serviceContainer.ComponentManagerImplKt.doGetOrCreateInstanceBlocking(ComponentManagerImpl.kt:1560)
    	at com.intellij.serviceContainer.ComponentManagerImplKt.getOrCreateInstanceBlocking(ComponentManagerImpl.kt:1549)
    	at com.intellij.serviceContainer.ComponentManagerImpl.doGetService(ComponentManagerImpl.kt:715)
    	at com.intellij.serviceContainer.ComponentManagerImpl.getService(ComponentManagerImpl.kt:653)
    	at org.jetbrains.vuejs.lang.typescript.service.VueLanguageServiceProvider.lspLanguageService_delegate$lambda$0(VueLanguageServiceProvider.kt:68)
    	at kotlin.SafePublicationLazyImpl.getValue(LazyJVM.kt:125)
    	at org.jetbrains.vuejs.lang.typescript.service.VueLanguageServiceProvider.getLspLanguageService(VueLanguageServiceProvider.kt:19)
    	at org.jetbrains.vuejs.lang.typescript.service.VueLanguageServiceProvider.getAllServices(VueLanguageServiceProvider.kt:24)
    	at com.intellij.lang.typescript.languageService.TypeScriptServiceProvider.getService(TypeScriptServiceProvider.kt:13)
    	at com.intellij.lang.typescript.languageService.TypeScriptServiceProvider.getService(TypeScriptServiceProvider.kt:8)
    	at com.intellij.lang.javascript.service.ide.JSLanguageServiceEditorListenerBase$1$1.invokeSuspend$lambda$0(JSLanguageServiceEditorListenerBase.kt:32)
    	at com.intellij.openapi.application.rw.InternalReadAction.insideReadAction(InternalReadAction.kt:111)
    	at com.intellij.openapi.application.rw.InternalReadAction.tryReadCancellable$lambda$0(InternalReadAction.kt:101)
    	at com.intellij.openapi.application.rw.CancellableReadActionKt.cancellableReadActionInternal$lambda$0$0$0(cancellableReadAction.kt:32)
    	at com.intellij.platform.locking.impl.NestedLocksThreadingSupport.tryRunReadAction(NestedLocksThreadingSupport.kt:902)
    	at com.intellij.openapi.application.impl.ApplicationImpl.tryRunReadAction(ApplicationImpl.java:1237)
    	at com.intellij.openapi.application.rw.CancellableReadActionKt.cancellableReadActionInternal$lambda$0$0(cancellableReadAction.kt:30)
    	at com.intellij.openapi.progress.util.ProgressIndicatorUtilService.runActionAndCancelBeforeWrite(ProgressIndicatorUtilService.java:73)
    	at com.intellij.openapi.progress.util.ProgressIndicatorUtils.runActionAndCancelBeforeWrite(ProgressIndicatorUtils.java:152)
    	at com.intellij.openapi.application.rw.CancellableReadActionKt.cancellableReadActionInternal$lambda$0(cancellableReadAction.kt:28)
    	at com.intellij.concurrency.ThreadContext.installThreadContext(threadContext.kt:305)
    	at com.intellij.concurrency.ThreadContext.installThreadContext$default(threadContext.kt:303)
    	at com.intellij.openapi.application.rw.CancellableReadActionKt.cancellableReadActionInternal(cancellableReadAction.kt:24)
    	at com.intellij.openapi.application.rw.InternalReadAction.tryReadCancellable(InternalReadAction.kt:100)
    	at com.intellij.openapi.application.rw.InternalReadAction.tryReadAction(InternalReadAction.kt:86)
    	at com.intellij.openapi.application.rw.InternalReadAction.readLoop(InternalReadAction.kt:73)
    	at com.intellij.openapi.application.rw.InternalReadAction.access$readLoop(InternalReadAction.kt:15)
    	at com.intellij.openapi.application.rw.InternalReadAction$runReadAction$6.invokeSuspend(InternalReadAction.kt:52)
    	at com.intellij.openapi.application.rw.InternalReadAction$runReadAction$6.invoke(InternalReadAction.kt)
    	at com.intellij.openapi.application.rw.InternalReadAction$runReadAction$6.invoke(InternalReadAction.kt)
    	at kotlinx.coroutines.intrinsics.UndispatchedKt.startUndispatchedOrReturn(Undispatched.kt:44)
    	at kotlinx.coroutines.BuildersKt__Builders_commonKt.withContext(Builders.common.kt:166)
    	at kotlinx.coroutines.BuildersKt.withContext(Unknown Source)
    	at com.intellij.openapi.application.rw.InternalReadAction.runReadAction(InternalReadAction.kt:50)
    	at com.intellij.openapi.application.rw.PlatformReadWriteActionSupport.executeReadAction(PlatformReadWriteActionSupport.kt:66)
    	at com.intellij.openapi.application.ReadWriteActionSupport.executeReadAction$default(ReadWriteActionSupport.kt:15)
    	at com.intellij.openapi.application.CoroutinesKt.constrainedReadAction(coroutines.kt:60)
    	at com.intellij.openapi.application.CoroutinesKt.readAction(coroutines.kt:27)
    	at com.intellij.lang.javascript.service.ide.JSLanguageServiceEditorListenerBase$1$1.invokeSuspend(JSLanguageServiceEditorListenerBase.kt:32)
    	at com.intellij.lang.javascript.service.ide.JSLanguageServiceEditorListenerBase$1$1.invoke(JSLanguageServiceEditorListenerBase.kt)
    	at com.intellij.lang.javascript.service.ide.JSLanguageServiceEditorListenerBase$1$1.invoke(JSLanguageServiceEditorListenerBase.kt)
    	at kotlinx.coroutines.intrinsics.UndispatchedKt.startUndispatchedOrReturnIgnoreTimeout(Undispatched.kt:56)
    	at kotlinx.coroutines.TimeoutKt.setupTimeout(Timeout.kt:149)
    	at kotlinx.coroutines.TimeoutKt.withTimeoutOrNull(Timeout.kt:105)
    	at com.intellij.lang.javascript.service.ide.JSLanguageServiceEditorListenerBase$1.invokeSuspend(JSLanguageServiceEditorListenerBase.kt:31)
    	at kotlin.coroutines.jvm.internal.BaseContinuationImpl.resumeWith(ContinuationImpl.kt:34)
    	at kotlinx.coroutines.DispatchedTask.run(DispatchedTask.kt:100)
    	at kotlinx.coroutines.scheduling.CoroutineScheduler.runSafely(CoroutineScheduler.kt:610)
    	at kotlinx.coroutines.scheduling.CoroutineScheduler$Worker.runDefaultDispatcherTask(CoroutineScheduler.kt:1194)
    	at kotlinx.coroutines.scheduling.CoroutineScheduler$Worker.executeTask(CoroutineScheduler.kt:906)
    	at kotlinx.coroutines.scheduling.CoroutineScheduler$Worker.runWorker(CoroutineScheduler.kt:775)
    	at kotlinx.coroutines.scheduling.CoroutineScheduler$Worker.run(CoroutineScheduler.kt:762)
    Caused by: java.lang.ExceptionInInitializerError: Exception java.lang.ExceptionInInitializerError [in thread "ApplicationImpl pooled thread 6"]
    	at org.jetbrains.vuejs.lang.typescript.service.VueLspServerPackageDescriptor.<init>(VueServices.kt:37)
    	at org.jetbrains.vuejs.lang.typescript.service.VueLspServerPackageDescriptor.<clinit>(VueServices.kt)
    	at org.jetbrains.vuejs.lang.typescript.service.VueLspServerLoader.<init>(VueServices.kt:44)
    	at org.jetbrains.vuejs.lang.typescript.service.VueLspServerLoader.<clinit>(VueServices.kt)
    	at org.jetbrains.vuejs.lang.typescript.service.VueLspServerActivationRule.<init>(VueServices.kt:76)
    	at org.jetbrains.vuejs.lang.typescript.service.VueLspServerActivationRule.<clinit>(VueServices.kt)
    	at org.jetbrains.vuejs.lang.typescript.service.lsp.VueLspServerSupportProvider.<init>(VueLspServerSupportProvider.kt:19)
    	at com.intellij.serviceContainer.ComponentManagerImpl.findConstructorAndInstantiateClass(ComponentManagerImpl.kt:882)
    	at com.intellij.serviceContainer.ComponentManagerImpl.doInstantiateClass(ComponentManagerImpl.kt:891)
    	at com.intellij.serviceContainer.ComponentManagerImpl.instantiateClass$lambda$1$0(ComponentManagerImpl.kt:875)
    	at com.intellij.concurrency.ThreadContext.installThreadContext(threadContext.kt:305)
    	at com.intellij.concurrency.ThreadContext.installThreadContext$default(threadContext.kt:303)
    	at com.intellij.serviceContainer.ComponentManagerImpl.instantiateClass$lambda$1(ComponentManagerImpl.kt:874)
    	at com.intellij.concurrency.ThreadContext.resetThreadContext(threadContext.kt:294)
    	at com.intellij.serviceContainer.ComponentManagerImpl.instantiateClass(ComponentManagerImpl.kt:873)
    	at com.intellij.openapi.extensions.impl.SimpleConstructorInjectionAdapter.instantiateClass(XmlExtensionAdapter.kt:102)
    	at com.intellij.openapi.extensions.impl.XmlExtensionAdapter.doCreateInstance(XmlExtensionAdapter.kt:52)
    	at com.intellij.openapi.extensions.impl.XmlExtensionAdapter.createInstance(XmlExtensionAdapter.kt:33)
    	at com.intellij.openapi.extensions.impl.ExtensionPointImpl.processAdapter(ExtensionPointImpl.kt:404)
    	at com.intellij.openapi.extensions.impl.ExtensionPointImpl.createExtensionInstances(ExtensionPointImpl.kt:377)
    	at com.intellij.openapi.extensions.impl.ExtensionPointImpl.getExtensionList(ExtensionPointImpl.kt:223)
    	at com.intellij.openapi.extensions.ExtensionPointName.getExtensionList(ExtensionPointName.kt:54)
    	at com.intellij.platform.lsp.impl.LspOpenedFilesService.d(LspOpenedFilesService.kt:61)
    	at com.intellij.openapi.application.impl.NonBlockingReadActionImpl$OTelMonitor.callWrapped(NonBlockingReadActionImpl.java:929)
    	at com.intellij.openapi.application.impl.NonBlockingReadActionImpl$OTelMonitor$MonitoredComputation.call(NonBlockingReadActionImpl.java:961)
    	at com.intellij.openapi.application.impl.NonBlockingReadActionImpl$Submission.insideReadAction(NonBlockingReadActionImpl.java:685)
    	at com.intellij.openapi.application.impl.NonBlockingReadActionImpl$Submission.lambda$attemptComputation$6(NonBlockingReadActionImpl.java:648)
    	at com.intellij.platform.locking.impl.NestedLocksThreadingSupport.tryRunReadAction(NestedLocksThreadingSupport.kt:902)
    	at com.intellij.openapi.application.impl.ApplicationImpl.tryRunReadAction(ApplicationImpl.java:1237)
    	at com.intellij.openapi.progress.util.ProgressIndicatorUtils.lambda$runInReadActionWithWriteActionPriority$0(ProgressIndicatorUtils.java:94)
    	at com.intellij.openapi.progress.util.ProgressIndicatorUtilService.runActionAndCancelBeforeWrite(ProgressIndicatorUtilService.java:73)
    	at com.intellij.openapi.progress.util.ProgressIndicatorUtils.runActionAndCancelBeforeWrite(ProgressIndicatorUtils.java:152)
    	at com.intellij.openapi.progress.util.ProgressIndicatorUtils.lambda$runWithWriteActionPriority$1(ProgressIndicatorUtils.java:139)
    	at com.intellij.openapi.progress.ProgressManager.lambda$runProcess$0(ProgressManager.java:98)
    	at com.intellij.openapi.progress.impl.CoreProgressManager.lambda$runProcess$2(CoreProgressManager.java:256)
    	at com.intellij.openapi.progress.impl.CoreProgressManager.lambda$executeProcessUnderProgress$14(CoreProgressManager.java:717)
    	at com.intellij.openapi.progress.impl.CoreProgressManager.registerIndicatorAndRun(CoreProgressManager.java:792)
    	at com.intellij.openapi.progress.impl.CoreProgressManager.computeUnderProgress(CoreProgressManager.java:748)
    	at com.intellij.openapi.progress.impl.CoreProgressManager.executeProcessUnderProgress(CoreProgressManager.java:716)
    	at com.intellij.openapi.progress.impl.ProgressManagerImpl.executeProcessUnderProgress(ProgressManagerImpl.java:75)
    	at com.intellij.openapi.progress.impl.CoreProgressManager.runProcess(CoreProgressManager.java:240)
    	at com.intellij.openapi.progress.ProgressManager.runProcess(ProgressManager.java:98)
    	at com.intellij.openapi.progress.util.ProgressIndicatorUtils.runWithWriteActionPriority(ProgressIndicatorUtils.java:136)
    	at com.intellij.openapi.progress.util.ProgressIndicatorUtils.runInReadActionWithWriteActionPriority(ProgressIndicatorUtils.java:94)
    	at com.intellij.openapi.application.impl.NonBlockingReadActionImpl$Submission.attemptComputation(NonBlockingReadActionImpl.java:648)
    	at com.intellij.openapi.application.impl.NonBlockingReadActionImpl$Submission.lambda$transferToBgThread$1(NonBlockingReadActionImpl.java:529)
    	at com.intellij.concurrency.ThreadContext.installThreadContext(threadContext.kt:305)
    	at com.intellij.openapi.application.impl.NonBlockingReadActionImpl$Submission.lambda$transferToBgThread$2(NonBlockingReadActionImpl.java:529)
    	at java.base/java.util.concurrent.ThreadPoolExecutor.runWorker(ThreadPoolExecutor.java:1144)
    	at java.base/java.util.concurrent.ThreadPoolExecutor$Worker.run(ThreadPoolExecutor.java:642)
    	at java.base/java.util.concurrent.Executors$PrivilegedThreadFactory$1$1.run(Executors.java:735)
    	at java.base/java.util.concurrent.Executors$PrivilegedThreadFactory$1$1.run(Executors.java:732)
    	at java.base/java.security.AccessController.doPrivileged(AccessController.java:400)
    	at java.base/java.util.concurrent.Executors$PrivilegedThreadFactory$1.run(Executors.java:732)
    	at java.base/java.lang.Thread.run(Thread.java:1583)

FamiliaPerformanceBenchmarkTest > testPrintFamiliaPerformanceReport STANDARD_OUT

    === Familia Performance Report ===
    Scenario                                               Total (ms)  Per op (┬Ás)
    SubTabs: related-files lookup (cached, 500x)                    1         1002
    SubTabs: related-files lookup (uncached, 500x)                164       164590
    SubTabs: rule key via settings snapshot (50k)                 982           19
    SubTabs: rule key via ComponentFileNaming (50k)               777           15
    SideTabs: HTML section split uncached (200x)                   32          161
    SideTabs: HTML section split cached (200x)                      0            1
    SideTabs: TS section split (200x)                              13           65
    SideTabs: start matcher @tag head (5k)                          9            1
    SideTabs: document refresh path (50x)                          73         1469
    Settings: legacy editor refresh                                46        46288
    Settings: consolidated editor refresh                           9         9766
    Project view: grouping toggle round-trip                        9         9076
    Group icons: tinted lookup cached (2k)                          1            0
    Group icons: tinted lookup uncached (2k)                   120836        60418

    Related-files cache speedup: 164,2x
    Rules snapshot speedup: 1,3x
    SideTab split cache speedup: 84,1x
    Settings refresh speedup: 4,7x
    Group icon tint cache speedup: 62720,2x
    ==================================


FamiliaPerformanceBenchmarkTest > testPrintFamiliaPerformanceReport PASSED
